seed,model,held_out_routes,RMSE,MAE,R2
0,XGBoost,"F2,F8",122.72181160198004,97.7070409320135,-0.07842201276084415
0,LightGBM,"F2,F8",116.52990629875488,87.50686266360779,0.027655810520668678
0,TabPFN,"F2,F8",114.3446096374219,87.96985109501196,0.06378278804820037
1,XGBoost,"F4,F9",154.20927994920316,115.46211223964046,-0.35640628716875167
1,LightGBM,"F4,F9",160.03835432403616,117.37826632784785,-0.46088802536093754
1,TabPFN,"F4,F9",149.458632470331,106.70217500403146,-0.2741213230211461
2,XGBoost,"F3,F7",152.67943682861218,115.16755950542537,-0.81129902132974
2,LightGBM,"F3,F7",159.8280321221527,123.29907305401144,-0.9848832108848402
2,TabPFN,"F3,F7",115.61432079092695,80.44877291902051,-0.03860956540573546
3,XGBoost,"F3,F8",147.0254809884148,109.63878013403668,-0.6674932466329266
3,LightGBM,"F3,F8",139.39626175694934,100.93523261393568,-0.4989292018925491
3,TabPFN,"F3,F8",122.22065989425109,84.37224318073434,-0.15230677267236326
4,XGBoost,"F7,F8",121.06998813191018,90.19519329568678,-0.07495110413459471
4,LightGBM,"F7,F8",126.94238568331888,93.38954872723686,-0.18175928258754448
4,TabPFN,"F7,F8",122.10853302466145,90.01615157311933,-0.0934721794524167
