size,seed,model,RMSE,MAE,R2,fit_time,capped
1000,0,XGBoost,129.03396950889692,95.69507746451347,-0.1377826619059228,0.5159042999994199,False
1000,0,LightGBM,128.58859151336787,95.96315985265666,-0.12994179927098748,0.6049237999995967,False
1000,0,TabPFN,121.78729013378319,91.88761506431251,-0.013573226670433813,2.2397784999993746,False
1000,1,XGBoost,124.87996772357491,94.21097826396561,-0.06570438191314265,0.5775985000000219,False
1000,1,LightGBM,126.21233381625093,95.67216191394166,-0.08856606315846527,0.6169801000005464,False
1000,1,TabPFN,122.12666676286244,90.33015074201673,-0.019230013057623507,4.060957100000451,False
1000,2,XGBoost,130.28139591579225,100.90668852039678,-0.15988785843715236,0.5640124000001379,False
1000,2,LightGBM,131.643377067008,102.39252269824287,-0.18426590315510083,0.6233535999999731,False
1000,2,TabPFN,126.54007802844008,97.6115253137298,-0.09422691170036313,2.047946700000466,False
2000,0,XGBoost,121.93648281510752,91.36345433178744,-0.016058056246711416,0.5875706000006176,False
2000,0,LightGBM,123.00749545087083,92.57680814978629,-0.0339852601311732,0.5651561999993646,False
2000,0,TabPFN,119.73385707343476,90.25913874528166,0.02031797038813765,4.261588899999879,False
2000,1,XGBoost,122.4083486911323,91.90840175170452,-0.02393708933833749,0.6051936000003479,False
2000,1,LightGBM,123.2481797108522,92.83051841351579,-0.038035540933440526,0.5382506000005378,False
2000,1,TabPFN,124.12429885522232,93.50605392311215,-0.05284590542069245,4.061460399999305,False
2000,2,XGBoost,122.96949729456647,94.32059498878532,-0.03334654352392552,0.5152212000002692,False
2000,2,LightGBM,123.88893143651134,95.7799156625036,-0.048856828698191634,0.5313423000006878,False
2000,2,TabPFN,126.5647032301309,98.37116757754535,-0.09465283494416599,4.05939219999982,False
5000,0,XGBoost,116.4134214877355,85.68811077826842,0.07390123877623866,0.933811799999603,False
5000,0,LightGBM,116.95542783487869,86.24766678292634,0.0652575633004081,1.034000399999968,False
5000,0,TabPFN,111.4883192938767,80.67240999827199,0.15060454508770293,4.473186999999598,False
5000,1,XGBoost,116.80970600209677,87.1221003427933,0.06758541632882908,0.576821600000585,False
5000,1,LightGBM,116.27308496211954,86.4848892672451,0.07613271937514832,0.5920685000000958,False
5000,1,TabPFN,118.38658921021774,86.63590878250785,0.04224106379586445,2.258454900000288,False
5000,2,XGBoost,115.31062498073754,85.81582828053087,0.09136419162847331,0.588173299999653,False
5000,2,LightGBM,114.67863806495575,85.55646816440787,0.10129688078762011,0.5503501999992295,False
5000,2,TabPFN,114.03462297886747,83.61372120555657,0.1113624556428604,2.260502500000257,False
10000,0,XGBoost,110.35607062990243,81.74130976164639,0.16776945242901808,0.6867587000006097,False
10000,0,LightGBM,110.07572444751092,81.6080905669001,0.17199244268826874,0.6507372000005489,False
10000,0,TabPFN,111.11429232160985,80.79678387677521,0.1562941796457873,2.270571899999595,False
10000,1,XGBoost,111.36338102055753,82.50320250278023,0.152507211481676,0.7266843999996127,False
10000,1,LightGBM,109.95356653337068,80.81687222878598,0.17382920645522348,0.535968999999568,False
10000,1,TabPFN,108.83591081998567,78.93618117504418,0.19053956118517568,4.290925799999968,True
10000,2,XGBoost,110.90389869397652,81.58510787551589,0.15948624913779252,1.0641673000000083,False
10000,2,LightGBM,109.80228612031163,80.72164712862947,0.1761010287006083,0.7442590999999084,False
10000,2,TabPFN,107.66806814367486,77.27843052340727,0.20781787747584823,4.495533100000102,True
20000,0,XGBoost,105.94842361443919,78.1626915343523,0.2329208214388232,0.8811341999999058,False
20000,0,LightGBM,105.34737593751557,77.57496329657982,0.24159944762423302,0.7029516000002332,False
20000,0,TabPFN,104.22705499325572,74.6255239166826,0.2576441603849592,2.3016294999997626,True
20000,1,XGBoost,107.18368920278547,78.91625510393605,0.21492960910249514,0.9706396999999924,False
20000,1,LightGBM,106.18614889220021,77.8552160022422,0.22947464100324577,0.6941544000001159,False
20000,1,TabPFN,103.96344889883471,74.42940379290972,0.26139447376110225,4.315947099999903,True
20000,2,XGBoost,106.38959907770729,77.7541427003799,0.2265191951848523,0.8852188999999271,False
20000,2,LightGBM,105.43371493658363,76.8289449754613,0.2403558214519409,0.7949146000000837,False
20000,2,TabPFN,103.23035669189376,73.61106564258746,0.2717742159334705,2.2967453000001115,True
50000,0,XGBoost,101.80608370578622,74.53727565210443,0.2917303074362756,1.428129099999751,False
50000,0,LightGBM,101.64291681350485,74.30036722708091,0.2939988075138391,1.0325668000004953,False
50000,0,TabPFN,100.96332264337369,71.91926083443575,0.3034080282339674,2.7306362999997873,True
50000,1,XGBoost,101.39931046650004,73.68825482451469,0.2973788811685846,2.108587499999885,False
50000,1,LightGBM,101.33741038067866,73.52126958598127,0.2982364616043478,1.5092148000003363,False
50000,1,TabPFN,100.9745672426001,72.233482196608,0.3032528563650384,4.394045199999709,True
50000,2,XGBoost,101.68389602598987,74.20948623050526,0.2934294180099474,1.4760622000003423,False
50000,2,LightGBM,101.76535728996349,74.24699517701109,0.292296865255668,0.9398012000001472,False
50000,2,TabPFN,101.33332727590526,72.07803797775004,0.2982930116250474,4.342137900000125,True
100000,0,XGBoost,99.18744069844324,72.17642358172871,0.3276977499127389,2.0474811999993108,False
100000,0,LightGBM,99.31026267155572,72.21799981519997,0.3260317201631293,1.2325399000001198,False
100000,0,TabPFN,100.46806988966932,71.85030065290518,0.31022521590601404,4.401249000000462,True
100000,1,XGBoost,99.86760190161449,72.58838754704426,0.3184457368844057,1.9687803999995594,False
100000,1,LightGBM,99.44198360238656,72.04318026925309,0.3242426884766457,1.2190645000000586,False
100000,1,TabPFN,100.8390398531207,71.85744258159603,0.3051219399085464,4.427340600000207,True
100000,2,XGBoost,99.30639773396625,72.18104585116524,0.32608417787658905,1.985143799999605,False
100000,2,LightGBM,99.82338276369285,72.38238592255259,0.3190491571974883,1.31264259999989,False
100000,2,TabPFN,100.62552463105217,71.77976926857727,0.3080614753967713,4.386446100000285,True
