ablation,split,model,RMSE,MAE,R2
A_all_features,trip_grouped,XGBoost,95.93145006385252,69.18646275647781,0.36943641899022006
A_all_features,trip_grouped,LightGBM,96.50305777705321,69.76888326625334,0.3618996032194396
A_all_features,trip_grouped,TabPFN,100.8928380594362,71.38703457285358,0.30252677078440793
A_all_features,route_grouped,XGBoost,139.54119950002405,105.63413722136056,-0.3977143344053714
A_all_features,route_grouped,LightGBM,140.5469880370424,104.50179667732793,-0.4197607820410406
A_all_features,route_grouped,TabPFN,124.74935116351848,89.90183875438353,-0.09894541050069224
B_no_route_stop,trip_grouped,XGBoost,104.98876513436484,77.49336219426428,0.24474689248404657
B_no_route_stop,trip_grouped,LightGBM,104.96773644395734,77.56343848817194,0.24504940853361723
B_no_route_stop,trip_grouped,TabPFN,112.65251197957036,83.79062495871126,0.13046187958722621
B_no_route_stop,route_grouped,XGBoost,125.48508447648467,93.57997200796834,-0.11205984988587825
B_no_route_stop,route_grouped,LightGBM,122.99886595558242,90.96662700165555,-0.06854135847370942
B_no_route_stop,route_grouped,TabPFN,124.78308514812784,91.87785214795097,-0.0984177123605777
C_no_identity,trip_grouped,XGBoost,106.13556652551644,78.2687028183654,0.22815738989800416
C_no_identity,trip_grouped,LightGBM,106.14876690262922,78.38560518446329,0.22796538551244738
C_no_identity,trip_grouped,TabPFN,113.47872629254191,84.49197445089558,0.11766040080485896
C_no_identity,route_grouped,XGBoost,126.77633449223688,94.95080139262151,-0.13551889622628432
C_no_identity,route_grouped,LightGBM,124.33488688515158,92.34108886615988,-0.09176422955785916
C_no_identity,route_grouped,TabPFN,124.18015499083273,91.58696548214353,-0.08768537093928504
