key,value
raw_rows,1048575
raw_columns,27
events,496042
multi_copy_events,466466
max_copies_per_event,14
delay_conflict_events,30
raw_delay_min,-3352.0
raw_delay_max,44575.0
raw_delay_p01,-206.0
raw_delay_p99,508.0
winsor_low,-206
winsor_high,508
target_mean,66.1199797597784
target_std,121.24106093765927
events_clipped_low,4987
events_clipped_high,4815
date_min,2022-01-31
date_max,2023-08-26
distinct_dates,417
months_without_rows,2022-05 2022-06 2022-07
n_routes,9
n_trips,75781
n_sailings,161610
max_dates_per_trip,6
trips_on_several_dates_pct,43.0055026985656
n_stops,50
n_vehicles,36
events_missing_stop_id,11
time_split_last_date,2023-07-31
events_after_cutoff,9389
routes_after_cutoff,F3
time_train_rows,372460
time_train_dates,320
time_train_first,2022-01-31
time_train_last,2023-05-12
time_test_period_rows,114193
time_test_dates,80
time_test_first,2023-05-13
time_test_last,2023-07-31
time_test_rows,20000
time_test_routes,9
fixed_test_cap,20000
