route_id,events,trips,stops,first_date,last_date,mean_delay,std_delay,share_pct,rows_per_trip
F1,28090,14681,6,2022-01-31,2023-07-31,-31.797,132.684,5.663,1.913
F2,15140,7247,8,2022-01-31,2023-07-31,6.392,104.179,3.052,2.089
F3,202667,13111,27,2022-01-31,2023-08-26,65.841,113.062,40.857,15.458
F4,94722,12194,16,2022-01-31,2023-07-31,101.457,134.935,19.096,7.768
F5,34201,6025,10,2022-01-31,2023-07-31,73.418,109.302,6.895,5.677
F6,42623,5947,10,2022-01-31,2023-07-31,39.694,89.267,8.593,7.167
F7,11298,4088,8,2022-01-31,2023-07-31,41.671,117.787,2.278,2.764
F8,46591,5076,15,2022-01-31,2023-07-31,96.23,114.008,9.393,9.179
F9,20710,7412,7,2022-01-31,2023-07-31,71.634,117.11,4.175,2.794
