experiment_name,feature_set,split_type,model,MAE,RMSE,R2,training_time,prediction_time,random_seed
smoke_test,all_features,trip_grouped,XGBoost,69.18646275647781,95.93145006385252,0.36943641899022,8.218884099999741,0.4139383000001544,42
smoke_test,all_features,trip_grouped,LightGBM,69.76888326625334,96.5030577770532,0.3618996032194396,5.003944900000533,0.4399432000000161,42
temporal_before,no_route_stop,trip_grouped,XGBoost,77.49336219426428,104.98876513436484,0.2447468924840465,6.838687200000095,0.3120398999999452,42
temporal_before,no_route_stop,trip_grouped,LightGBM,77.56343848817194,104.96773644395734,0.2450494085336172,3.844497900000533,0.4345635999998194,42
temporal_before,no_route_stop,trip_grouped,TabPFN,83.79062495871126,112.65251197957036,0.1304618795872262,3.370509700000184,11.417401300000163,42
temporal_before,no_route_stop,route_grouped,XGBoost,95.80678821049814,122.4626196855044,-0.073871508015332,6.741275700000188,0.2013501999999789,42
temporal_before,no_route_stop,route_grouped,LightGBM,91.33435022599036,118.08097805384116,0.0015987588110454,4.704457200000434,0.2803094999999302,42
temporal_before,no_route_stop,route_grouped,TabPFN,92.79153893096942,120.19265563655244,-0.034429960617943,3.384213900000759,8.768582400000014,42
temporal_before,no_route_stop,route_grouped,XGBoost,109.72179576449308,144.81703237469054,-0.196211746188667,5.74997969999913,0.369377699999859,43
temporal_before,no_route_stop,route_grouped,LightGBM,106.92812373727492,142.66389310422787,-0.1609056311621004,3.679063599999608,0.4694777000004251,43
temporal_before,no_route_stop,route_grouped,TabPFN,110.549481640383,146.36581901685545,-0.2219350154835468,3.429031599999689,11.439532600000348,43
temporal_before,no_route_stop,route_grouped,XGBoost,86.90834485146999,121.97344208874856,-0.1560047359525862,5.224284200000511,0.6966571000002659,44
temporal_before,no_route_stop,route_grouped,LightGBM,84.32043714197187,119.62011801287402,-0.1118277435733048,3.9897145000004457,0.7913932000001296,44
temporal_before,no_route_stop,route_grouped,TabPFN,82.45139047803123,117.76792491201203,-0.0776633154088941,5.0798163999998,19.027714000000746,44
temporal_before,no_route_stop,route_grouped,XGBoost,86.5808225379753,119.33954474385764,-0.0986202999617924,4.675348599999779,0.7428324000002249,45
temporal_before,no_route_stop,route_grouped,LightGBM,85.32434294258817,117.93975433316062,-0.0729989663842465,3.0984125000004497,1.0569807000001674,45
temporal_before,no_route_stop,route_grouped,TabPFN,82.2129719926135,116.96982833448229,-0.0554230410089822,4.656662200000028,22.85387189999983,45
temporal_before,no_route_stop,route_grouped,XGBoost,88.8821086754052,118.83278348962216,-0.0355909593110135,7.372647199999847,0.1937030999997659,46
temporal_before,no_route_stop,route_grouped,LightGBM,86.92588096045252,116.68958627380844,0.0014267899400592,4.191649100000177,0.2550572999998621,46
temporal_before,no_route_stop,route_grouped,TabPFN,91.38387769775773,122.61919784073696,-0.1026372292835222,3.082531099999869,7.354998700000578,46
temporal_before,no_identity,trip_grouped,XGBoost,78.2687028183654,106.13556652551644,0.2281573898980041,7.303230299999996,0.2852565000002869,42
temporal_before,no_identity,trip_grouped,LightGBM,78.38560518446329,106.14876690262922,0.2279653855124473,4.090003899999829,0.3837754000005589,42
temporal_before,no_identity,trip_grouped,TabPFN,84.49197445089558,113.47872629254192,0.1176604008048589,4.770568199999616,10.571631799999524,42
temporal_before,no_identity,route_grouped,XGBoost,97.46803396958396,124.11445217466668,-0.1030366384853787,6.931163500000366,0.1760577000004559,42
temporal_before,no_identity,route_grouped,LightGBM,92.75844232787696,119.69842936070528,-0.0259404008782762,4.0666512999996485,0.2511668999995891,42
temporal_before,no_identity,route_grouped,TabPFN,92.49805165465288,119.3599746976762,-0.0201467843480862,2.715325699999994,7.330271400000129,42
temporal_before,no_identity,route_grouped,XGBoost,109.69978624997609,145.46402201902356,-0.2069240972519037,6.710189299999911,0.3213238999996974,43
temporal_before,no_identity,route_grouped,LightGBM,108.53718825794672,144.28530237050555,-0.1874435240960941,3.610534899999948,0.4128893000006428,43
temporal_before,no_identity,route_grouped,TabPFN,110.5946316757848,146.32636254433444,-0.2212762995735455,2.7197212999999465,21.31836769999973,43
temporal_before,no_identity,route_grouped,XGBoost,88.23252429301562,123.14158175811248,-0.1782528784584194,4.314598599999954,0.5026035000000775,44
temporal_before,no_identity,route_grouped,LightGBM,85.57586381413391,120.73757555894316,-0.1326975352685226,2.89056410000012,0.7454076000003624,44
temporal_before,no_identity,route_grouped,TabPFN,81.81913003412348,116.81101082132864,-0.06022152694406,2.524696800000129,19.5687566000006,44
temporal_before,no_identity,route_grouped,XGBoost,89.78027270340392,121.9256698631756,-0.1467511031292692,3.775652500000433,0.4842087999995783,45
temporal_before,no_identity,route_grouped,LightGBM,86.78936261056803,119.04339985383514,-0.0931745425739483,2.628227300000617,0.8309618000002956,45
temporal_before,no_identity,route_grouped,TabPFN,82.17565429643939,116.66014115872892,-0.0498418017593924,4.494492400000127,21.678875399999924,45
temporal_before,no_identity,route_grouped,XGBoost,89.57338974712806,119.23594664620607,-0.0426297638064505,6.365852500000074,0.1522187000000485,46
temporal_before,no_identity,route_grouped,LightGBM,88.04458732027379,117.9097272817688,-0.0195651449724547,4.5083144000000175,0.2440600999998423,46
temporal_before,no_identity,route_grouped,TabPFN,90.84735974971706,121.74328573209549,-0.0869404420713408,8.109151600000587,7.524119699999574,46
temporal_after,no_route_stop_temporal,trip_grouped,XGBoost,76.96481728638477,104.33537119212832,0.2541182234767449,6.632693800000197,0.3461237000001347,42
temporal_after,no_route_stop_temporal,trip_grouped,LightGBM,77.52084304702718,104.8956533661497,0.2460859265876388,4.413047200000619,0.3890657000001738,42
temporal_after,no_route_stop_temporal,trip_grouped,TabPFN,82.41664394475633,111.37765499525818,0.1500311590705151,4.554757799999607,18.46109179999985,42
temporal_after,no_route_stop_temporal,route_grouped,XGBoost,95.37246129700884,121.76999236602497,-0.0617585977306829,6.410307199999807,0.1913739999999961,42
temporal_after,no_route_stop_temporal,route_grouped,LightGBM,92.20214777081068,119.17427606759556,-0.0169749925170112,4.213222500000484,0.2649199999996199,42
temporal_after,no_route_stop_temporal,route_grouped,TabPFN,94.2834056588835,122.076795347768,-0.067115600165345,4.452813699999751,11.732363999999508,42
temporal_after,no_route_stop_temporal,route_grouped,XGBoost,108.7299501392101,143.68981179335097,-0.1776621779453016,5.683556099999805,0.3119778999998743,43
temporal_after,no_route_stop_temporal,route_grouped,LightGBM,106.84063344389362,142.03449800829057,-0.1506850134815758,4.031613099999959,0.5017674000000625,43
temporal_after,no_route_stop_temporal,route_grouped,TabPFN,110.52064111474806,146.42216693123714,-0.222876037693563,6.750362599999789,19.626535899999908,43
temporal_after,no_route_stop_temporal,route_grouped,XGBoost,87.35986368365977,122.36564530176553,-0.1634509094028482,4.444840699999986,0.468036000000211,44
temporal_after,no_route_stop_temporal,route_grouped,LightGBM,84.52568189062336,119.92852051517428,-0.1175681237208636,3.512021000000459,0.8261386999993192,44
temporal_after,no_route_stop_temporal,route_grouped,TabPFN,82.23844679379474,117.53913012926324,-0.0734801010531667,6.421675099999447,27.085588900000403,44
temporal_after,no_route_stop_temporal,route_grouped,XGBoost,86.84044278216163,119.38539530059911,-0.0994646475600986,4.474701600000117,0.6101381999997102,45
temporal_after,no_route_stop_temporal,route_grouped,LightGBM,84.95228843409448,117.87122651541718,-0.0717524161268783,3.1293631000007736,0.9144471999998132,45
temporal_after,no_route_stop_temporal,route_grouped,TabPFN,82.02909735238235,116.7825262026771,-0.0520456792591124,4.39573879999989,31.55840549999993,45
temporal_after,no_route_stop_temporal,route_grouped,XGBoost,87.78513056365742,117.49213165500235,-0.0123560368283928,6.822576499999741,0.1732260999997379,46
temporal_after,no_route_stop_temporal,route_grouped,LightGBM,87.9585582788268,117.74373521012248,-0.0166964994834613,4.551967100000184,0.2526955000002999,46
temporal_after,no_route_stop_temporal,route_grouped,TabPFN,91.6499628173296,123.14141880876925,-0.1120492376375823,4.626035100000081,10.773245100000167,46
temporal_after,no_identity_temporal,trip_grouped,XGBoost,77.57850148325817,105.28449263882456,0.2404861760888604,6.014457600000242,0.2940429000000222,42
temporal_after,no_identity_temporal,trip_grouped,LightGBM,78.11086116393254,105.7637530776633,0.2335557458990222,4.236336599999959,0.3321937999999136,42
temporal_after,no_identity_temporal,trip_grouped,TabPFN,83.56225483190627,112.64625867676736,0.1305584124412863,6.319731300000058,15.41596909999953,42
temporal_after,no_identity_temporal,route_grouped,XGBoost,96.36025818658624,122.90272257593988,-0.0816038787510018,6.070592300000499,0.1758512000005794,42
temporal_after,no_identity_temporal,route_grouped,LightGBM,93.16780688051377,120.16137682188295,-0.0338916326686595,3.853672499999448,0.2207742000000507,42
temporal_after,no_identity_temporal,route_grouped,TabPFN,93.22243677747336,120.36013301900935,-0.0373147345790032,6.295822100000805,11.157355800000005,42
temporal_after,no_identity_temporal,route_grouped,XGBoost,109.07125532560563,144.52752103389597,-0.1914337074356937,5.522571500000595,0.2772119000001112,43
temporal_after,no_identity_temporal,route_grouped,LightGBM,108.24835991983672,143.65486753414643,-0.1770894507923046,3.523229399999764,0.3752485999993951,43
temporal_after,no_identity_temporal,route_grouped,TabPFN,111.27931484900662,146.874013908514,-0.2304350763217624,6.30984940000053,17.423705399999562,43
temporal_after,no_identity_temporal,route_grouped,XGBoost,87.70472738116686,122.85505153248448,-0.1727760560472646,4.1633420999996815,0.4704047000004721,44
temporal_after,no_identity_temporal,route_grouped,LightGBM,84.56755058799912,120.070046597048,-0.1202073351669115,2.916987999999946,0.6022121000005427,44
temporal_after,no_identity_temporal,route_grouped,XGBoost,88.5585445410251,120.6483539062246,-0.1228498046217352,3.632453099999111,0.4287244000006467,45
temporal_after,no_identity_temporal,route_grouped,LightGBM,84.60901690386486,117.335334076679,-0.0620292898379539,2.809159200000068,0.6463151999996626,45
temporal_after,no_identity_temporal,route_grouped,XGBoost,88.5120443611888,117.87389157736084,-0.0189454966402142,6.154376200000115,0.1726866999997582,46
temporal_after,no_identity_temporal,route_grouped,LightGBM,87.95481803697791,117.77090767382352,-0.0171658125455638,3.766754500000389,0.2055960999987292,46
final_5seed_trip_grouped,all_features,trip_grouped,XGBoost,69.18646275647781,95.93145006385252,0.36943641899022,7.124882000000071,0.291929799999707,42
final_5seed_trip_grouped,all_features,trip_grouped,LightGBM,69.76888326625334,96.5030577770532,0.3618996032194396,4.343602400000236,0.4628236000007746,42
final_5seed_trip_grouped,all_features,trip_grouped,XGBoost,69.65210190617489,96.41508777143648,0.3725136699851716,7.330509699999311,0.3172588999987056,43
final_5seed_trip_grouped,all_features,trip_grouped,LightGBM,70.44824882166763,97.15772654823937,0.3628099947401876,4.005382400000599,0.399075500001345,43
final_5seed_trip_grouped,all_features,trip_grouped,XGBoost,69.5779650773471,96.21102465466528,0.3618732853433909,7.051873700000215,0.3028655999987677,44
final_5seed_trip_grouped,all_features,trip_grouped,LightGBM,70.36625200977717,97.04946781989725,0.350702750766001,3.793756299999586,0.4063458999989962,44
final_5seed_trip_grouped,all_features,trip_grouped,XGBoost,69.7334669268173,96.8388711280033,0.3608157524603972,7.013775299999907,0.3227698000009695,45
final_5seed_trip_grouped,all_features,trip_grouped,LightGBM,70.5416020632441,97.74342564458206,0.3488189723438698,3.691901999998663,0.4012520999986009,45
final_5seed_trip_grouped,all_features,trip_grouped,XGBoost,70.14508176496354,97.53501127628353,0.3610480926121338,6.974922200000947,0.3397337000005791,46
final_5seed_trip_grouped,all_features,trip_grouped,LightGBM,70.60023232614036,98.19557417416011,0.35236408959144,3.7433803000003536,0.4320903000007092,46
final_5seed_trip_grouped,no_route_stop,trip_grouped,XGBoost,77.49336219426428,104.98876513436484,0.2447468924840465,5.361030000000028,0.2740977000012208,42
final_5seed_trip_grouped,no_route_stop,trip_grouped,LightGBM,77.56343848817194,104.96773644395734,0.2450494085336172,3.181264500000907,0.3481974000005721,42
final_5seed_trip_grouped,no_route_stop,trip_grouped,XGBoost,78.17332690524131,105.6726440954666,0.2462290156702862,5.472752100000434,0.2354711000007228,43
final_5seed_trip_grouped,no_route_stop,trip_grouped,LightGBM,78.53524313243408,106.04870639099946,0.2408545076495706,3.389833100000033,0.3451703999999154,43
final_5seed_trip_grouped,no_route_stop,trip_grouped,XGBoost,77.5379338472985,105.08247424444149,0.2387666151888842,5.508678399999553,0.2794315000010101,44
final_5seed_trip_grouped,no_route_stop,trip_grouped,LightGBM,77.79930490501016,105.35653571736096,0.2347907515222431,3.077864500000942,0.3495636000006925,44
final_5seed_trip_grouped,no_route_stop,trip_grouped,XGBoost,77.45794663915908,105.25236052677262,0.2449246085224216,5.388153500000044,0.2600830999999743,45
final_5seed_trip_grouped,no_route_stop,trip_grouped,LightGBM,77.83420639095198,105.58201424790772,0.2401873615166608,3.168831599999976,0.3252669000012247,45
final_5seed_trip_grouped,no_route_stop,trip_grouped,XGBoost,78.0771465285341,106.17759221711468,0.2427961051558151,5.391234099999565,0.2484167000002344,46
final_5seed_trip_grouped,no_route_stop,trip_grouped,LightGBM,78.85395660501536,107.1070519137025,0.2294812255124653,3.250027199999749,0.3698630999988381,46
final_5seed_trip_grouped,no_identity,trip_grouped,XGBoost,78.2687028183654,106.13556652551644,0.2281573898980041,5.115383500000462,0.2408768999994208,42
final_5seed_trip_grouped,no_identity,trip_grouped,LightGBM,78.38560518446329,106.14876690262922,0.2279653855124473,2.904085800000757,0.3962305000004562,42
final_5seed_trip_grouped,no_identity,trip_grouped,XGBoost,78.86268630047338,106.61671270329084,0.2327006278411766,5.146445000000313,0.2373165999997581,43
final_5seed_trip_grouped,no_identity,trip_grouped,LightGBM,79.25633548506029,106.9646383087302,0.2276845532261078,3.1613891999986663,0.3285971999994217,43
final_5seed_trip_grouped,no_identity,trip_grouped,XGBoost,78.27595117990126,106.09209647732278,0.2240686311264733,5.179576799999268,0.2401590999998006,44
final_5seed_trip_grouped,no_identity,trip_grouped,LightGBM,78.49028878362729,106.31495982705886,0.2208052722188196,3.037103399999978,0.3427738000009412,44
final_5seed_trip_grouped,no_identity,trip_grouped,XGBoost,78.15379158780684,106.17381202255736,0.2316458383472994,5.170395899998766,0.2341816000007384,45
final_5seed_trip_grouped,no_identity,trip_grouped,LightGBM,78.6682483428678,106.70159080569243,0.2239880380336876,3.358163400000194,0.3636583999996219,45
final_5seed_trip_grouped,no_identity,trip_grouped,XGBoost,78.88606195879575,107.41223607258458,0.2250840335266537,5.248157400001219,0.2401948000006086,46
final_5seed_trip_grouped,no_identity,trip_grouped,LightGBM,79.38120207394198,107.85776073852828,0.2186423059925017,3.0676691999997274,0.3504737000002933,46
final_5seed_trip_grouped,no_route_stop_temporal,trip_grouped,XGBoost,76.96481728638477,104.33537119212832,0.2541182234767449,6.073699200000192,0.2628787999983615,42
final_5seed_trip_grouped,no_route_stop_temporal,trip_grouped,LightGBM,77.52084304702718,104.8956533661497,0.2460859265876388,3.892082299998947,0.3839776000004349,42
final_5seed_trip_grouped,no_route_stop_temporal,trip_grouped,XGBoost,77.75434673569589,105.15521307818813,0.2535926925050064,6.044522100000904,0.2864578000007896,43
final_5seed_trip_grouped,no_route_stop_temporal,trip_grouped,LightGBM,78.48496242371716,105.89435277319224,0.2430627680210129,3.724873099999968,0.3787577000002784,43
final_5seed_trip_grouped,no_route_stop_temporal,trip_grouped,XGBoost,76.9294941814971,104.46708121980843,0.2476565087188079,6.124423400000524,0.2757091000003129,44
final_5seed_trip_grouped,no_route_stop_temporal,trip_grouped,LightGBM,77.5613973337632,105.09797286758634,0.2385420498750116,4.39209419999861,0.3860514999996667,44
final_5seed_trip_grouped,no_route_stop_temporal,trip_grouped,XGBoost,77.23888827870142,104.92601224171918,0.2495997632348688,5.982796700000108,0.2819546999999147,45
final_5seed_trip_grouped,no_route_stop_temporal,trip_grouped,LightGBM,77.97628784414309,105.75260783666934,0.2377300513118111,3.7259662999986176,0.353365400000257,45
final_5seed_trip_grouped,no_route_stop_temporal,trip_grouped,XGBoost,77.72339788445277,105.81187068151728,0.2480033968143465,5.979414800000086,0.2654289000001881,46
final_5seed_trip_grouped,no_route_stop_temporal,trip_grouped,LightGBM,78.49749331239528,106.62561603830508,0.236392473086751,3.730529500000557,0.3537371000002167,46
final_5seed_trip_grouped,no_identity_temporal,trip_grouped,XGBoost,77.57850148325817,105.28449263882456,0.2404861760888604,5.902955900000961,0.2582117999991169,42
final_5seed_trip_grouped,no_identity_temporal,trip_grouped,LightGBM,78.11086116393254,105.7637530776633,0.2335557458990222,3.6815600999998415,0.3351736000004166,42
final_5seed_trip_grouped,no_identity_temporal,trip_grouped,XGBoost,78.30879257681922,105.93337329020665,0.2425048246902816,6.004897099999653,0.256143599999632,43
final_5seed_trip_grouped,no_identity_temporal,trip_grouped,LightGBM,79.01271889366237,106.75501607214493,0.2307086527564067,4.122533499999918,0.3122067999993305,43
final_5seed_trip_grouped,no_identity_temporal,trip_grouped,XGBoost,77.6292650348244,105.37909863931591,0.2344629653969636,5.832404099999621,0.2310914000008779,44
final_5seed_trip_grouped,no_identity_temporal,trip_grouped,LightGBM,78.38951423280622,106.13581715970072,0.2234289748247424,3.6023459999996703,0.3265159000002313,44
final_5seed_trip_grouped,no_identity_temporal,trip_grouped,XGBoost,77.88889381144688,105.83360606584888,0.2365619257736528,5.686525500001153,0.2396201999999903,45
final_5seed_trip_grouped,no_identity_temporal,trip_grouped,LightGBM,78.62080880720951,106.601079045799,0.2254493394184296,3.507949799999551,0.3536679000008007,45
final_5seed_trip_grouped,no_identity_temporal,trip_grouped,XGBoost,78.29245270792399,106.66160945813924,0.2358768467985947,5.621147199999541,0.2608139999993,46
final_5seed_trip_grouped,no_identity_temporal,trip_grouped,LightGBM,79.02939825641656,107.49781643113512,0.2238487179267475,3.5553065999993123,0.3372890000009647,46
temporal_after,no_identity_temporal,route_grouped,TabPFN,81.8927925518404,116.8452793235726,-0.0608436863253634,7.870460500009358,25.980617699970026,44
temporal_after,no_identity_temporal,route_grouped,TabPFN,82.32836564051505,116.35873609724035,-0.0444240324021356,3.7761215000064112,29.73398620000808,45
temporal_after,no_identity_temporal,route_grouped,TabPFN,91.39431260391684,122.39180580588676,-0.0985514345170179,3.963748999987729,10.05811340000946,46
final_5seed_trip_grouped,all_features,trip_grouped,TabPFN,71.38703457285358,100.8928380594362,0.3025267707844079,4.679456599988043,10.524515400000382,42
final_5seed_trip_grouped,all_features,trip_grouped,TabPFN,72.01917231220669,101.23163166296376,0.3082538655363972,6.120517599978484,15.545191599987447,43
final_5seed_trip_grouped,all_features,trip_grouped,TabPFN,71.52812588437742,100.83877547233573,0.2990091116516695,4.187820799998008,18.23110939998878,44
final_5seed_trip_grouped,all_features,trip_grouped,TabPFN,72.45456502961108,101.7982359278621,0.2936708474311854,4.271865299961064,15.93757569999434,45
final_5seed_trip_grouped,all_features,trip_grouped,TabPFN,72.4663465488761,102.48980329371456,0.2944814888716486,4.12678579997737,15.13531540002441,46
final_5seed_trip_grouped,no_route_stop,trip_grouped,TabPFN,83.79062495871126,112.65251197957036,0.1304618795872262,2.330039799970109,9.89104590000352,42
final_5seed_trip_grouped,no_route_stop,trip_grouped,TabPFN,84.20560352082298,113.7142257440856,0.1271414617889739,5.723747699987143,14.933440900000278,43
final_5seed_trip_grouped,no_route_stop,trip_grouped,TabPFN,83.54923422529015,112.99142338072772,0.1198672010184551,4.128887099970598,15.314075400005096,44
final_5seed_trip_grouped,no_route_stop,trip_grouped,TabPFN,84.2880720063771,113.66607968832308,0.1193803129933507,3.915682099992409,15.534680999990089,45
final_5seed_trip_grouped,no_route_stop,trip_grouped,TabPFN,84.81919524004911,114.82836855091809,0.1143839412077935,5.932672000024468,15.704885100014508,46
final_5seed_trip_grouped,no_identity,trip_grouped,TabPFN,84.49197445089558,113.47872629254192,0.1176604008048589,4.292010399978608,10.303624399995895,42
final_5seed_trip_grouped,no_identity,trip_grouped,TabPFN,85.19672053399096,114.55815532275828,0.1141375550960668,3.644895300036296,14.898565599985886,43
final_5seed_trip_grouped,no_identity,trip_grouped,TabPFN,84.37757375980681,113.88614738673544,0.105873328932466,3.863136500003748,14.484088699973654,44
final_5seed_trip_grouped,no_identity,trip_grouped,TabPFN,84.95946112130565,114.50584117462968,0.1063202648307998,5.849439099954907,14.706815899990032,45
final_5seed_trip_grouped,no_identity,trip_grouped,TabPFN,85.58556299983687,115.6441727213517,0.1017554285014402,6.323780200036708,14.282355899980756,46
final_5seed_trip_grouped,no_route_stop_temporal,trip_grouped,TabPFN,82.41664394475633,111.37765499525818,0.1500311590705151,2.341355499986093,10.891873300017323,42
final_5seed_trip_grouped,no_route_stop_temporal,trip_grouped,TabPFN,82.58184013826926,112.05921208569508,0.1523639945821263,3.970148299995344,15.904561900009869,43
final_5seed_trip_grouped,no_route_stop_temporal,trip_grouped,TabPFN,81.48442755171628,111.029890577933,0.1501601924450319,3.946550099994056,15.71350720000919,44
final_5seed_trip_grouped,no_route_stop_temporal,trip_grouped,TabPFN,82.68419570358323,112.09372509064572,0.1435752080605826,4.164714499958791,16.549403799988795,45
final_5seed_trip_grouped,no_route_stop_temporal,trip_grouped,TabPFN,83.25984275513639,113.29927961139144,0.1378131576265235,3.936693000025116,15.705948500020895,46
final_5seed_trip_grouped,no_identity_temporal,trip_grouped,TabPFN,83.56225483190627,112.64625867676736,0.1305584124412863,2.263892000017222,10.479379999975208,42
final_5seed_trip_grouped,no_identity_temporal,trip_grouped,TabPFN,83.91026413786538,113.2919772090387,0.1336116981072623,3.8924113999819374,15.31054249999579,43
final_5seed_trip_grouped,no_identity_temporal,trip_grouped,TabPFN,83.34507011608623,112.83660275113829,0.1222774611343633,3.867635999980848,15.490130799997132,44
final_5seed_trip_grouped,no_identity_temporal,trip_grouped,TabPFN,84.04831951418633,113.46276102281736,0.1225278885345827,3.888900100020692,405.1819125000038,45
final_5seed_trip_grouped,no_identity_temporal,trip_grouped,TabPFN,84.6042201002668,114.56959141367646,0.118371090977426,3.933233200048562,29.353105500049423,46
