condition,k,model,n_routes,R2_mean,R2_std,R2_median,R2_min,R2_max,RMSE_mean,MAE_mean,n_target_trips_mean
pooled,0,GlobalMean,9,-0.2133,0.4217,-0.0735,-1.3149,-0.0007,121.2086,93.8143,0.0
pooled,0,LightGBM,9,-0.5658,0.4396,-0.592,-1.3422,-0.0019,138.1541,104.5435,0.0
pooled,0,Ridge,9,-0.3193,0.6793,-0.1235,-2.1174,0.0236,125.2155,96.2829,0.0
pooled,0,RouteStopMean,9,-0.1897,0.4233,-0.0639,-1.3149,0.0013,120.232,92.0589,0.0
pooled,0,StopMean,9,-0.1897,0.4233,-0.0639,-1.3149,0.0013,120.232,92.0589,0.0
pooled,0,TabPFN,9,-0.1685,0.3377,-0.0699,-1.0499,0.0496,119.2335,90.3578,0.0
pooled,0,XGBoost,9,-0.618,0.5718,-0.4084,-1.5836,0.066,139.6571,107.9728,0.0
pooled,100,GlobalMean,9,-0.2132,0.4214,-0.0735,-1.3141,-0.0007,121.2036,93.8088,53.4444
pooled,100,LightGBM,9,-0.0309,0.137,-0.0139,-0.2875,0.1857,112.0852,82.7663,53.4444
pooled,100,Ridge,9,0.0157,0.0825,0.0072,-0.0861,0.1807,110.0903,80.8342,53.4444
pooled,100,RouteStopMean,9,-0.0048,0.073,-0.0216,-0.0878,0.1428,111.399,80.4541,53.4444
pooled,100,StopMean,9,-0.019,0.0722,-0.0255,-0.1224,0.1428,112.0875,82.2603,53.4444
pooled,100,TabPFN,9,0.0975,0.0995,0.0877,-0.0065,0.3047,105.1972,76.0848,53.4444
pooled,100,XGBoost,9,-0.0393,0.1625,-0.0597,-0.341,0.225,112.2972,83.5802,53.4444
pooled,500,GlobalMean,9,-0.2127,0.4204,-0.0733,-1.3111,-0.0007,121.1831,93.7878,260.2222
pooled,500,LightGBM,9,0.0338,0.1369,0.0552,-0.2256,0.2802,108.3944,79.6453,260.2222
pooled,500,Ridge,9,0.0314,0.0747,0.0045,-0.0321,0.2174,109.128,80.5328,260.2222
pooled,500,RouteStopMean,9,0.0274,0.0539,0.0076,-0.0226,0.1533,109.5519,79.5542,260.2222
pooled,500,StopMean,9,-0.0125,0.0747,-0.0166,-0.1154,0.1533,111.6451,82.2644,260.2222
pooled,500,TabPFN,9,0.1664,0.1082,0.1418,0.0541,0.3666,100.9636,71.9944,260.2222
pooled,500,XGBoost,9,0.0374,0.1372,0.0545,-0.1591,0.301,108.2071,79.6807,260.2222
pooled,1000,GlobalMean,9,-0.212,0.4191,-0.0732,-1.3069,-0.0007,121.156,93.7587,522.3333
pooled,1000,LightGBM,9,0.0709,0.1093,0.0622,-0.0648,0.3126,106.5509,77.742,522.3333
pooled,1000,Ridge,9,0.0438,0.0778,0.0173,-0.0239,0.2281,108.4884,79.7586,522.3333
pooled,1000,RouteStopMean,9,0.0432,0.0577,0.0238,-0.0259,0.1596,108.7257,78.6834,522.3333
pooled,1000,StopMean,9,-0.0045,0.0729,-0.0144,-0.1101,0.1596,111.2293,81.8061,522.3333
pooled,1000,TabPFN,9,0.2168,0.106,0.1685,0.0819,0.3957,97.9436,69.3075,522.3333
pooled,1000,XGBoost,9,0.0783,0.1244,0.0758,-0.0788,0.3249,105.9781,77.3456,522.3333
pooled,5000,GlobalMean,9,-0.2073,0.4105,-0.0719,-1.2803,-0.0006,120.9606,93.5609,2622.3333
pooled,5000,LightGBM,9,0.1638,0.0924,0.129,0.0606,0.3406,101.2116,73.445,2622.3333
pooled,5000,Ridge,9,0.0647,0.0932,0.0408,-0.0301,0.2735,107.2136,78.8502,2622.3333
pooled,5000,RouteStopMean,9,0.0618,0.054,0.0726,-0.0147,0.1704,107.5864,78.7275,2622.3333
pooled,5000,StopMean,9,0.021,0.0666,0.0142,-0.0789,0.1704,109.7869,81.2182,2622.3333
pooled,5000,TabPFN,9,0.2581,0.1079,0.2792,0.1055,0.4329,95.4256,66.9936,2622.3333
pooled,5000,XGBoost,9,0.1569,0.1062,0.1386,0.0352,0.3601,101.5409,73.6685,2622.3333
pooled_10k,0,LightGBM,9,-0.7257,0.4601,-0.5248,-1.4421,-0.2108,145.2448,111.3422,0.0
pooled_10k,0,XGBoost,9,-0.5604,0.3665,-0.4642,-1.1906,-0.0094,138.0704,104.3545,0.0
pooled_10k,100,LightGBM,9,-0.0288,0.1061,-0.0222,-0.2208,0.1709,112.224,82.1013,53.4444
pooled_10k,100,XGBoost,9,-0.0466,0.1088,-0.0705,-0.2066,0.1537,113.1529,83.9654,53.4444
pooled_10k,500,LightGBM,9,0.0694,0.1383,0.0414,-0.1893,0.2894,106.3488,77.1129,260.2222
pooled_10k,500,XGBoost,9,0.0489,0.1263,0.0304,-0.1409,0.2745,107.6498,79.0987,260.2222
pooled_10k,1000,LightGBM,9,0.1482,0.0981,0.1416,0.0312,0.3385,102.1877,73.6765,522.3333
pooled_10k,1000,XGBoost,9,0.1052,0.1303,0.1168,-0.0933,0.317,104.419,76.6687,522.3333
pooled_10k,5000,LightGBM,9,0.1999,0.1125,0.1387,0.0632,0.3878,98.9273,71.4188,2622.3333
pooled_10k,5000,XGBoost,9,0.1548,0.1469,0.1289,-0.0537,0.3746,101.3378,74.3048,2622.3333
target_only,100,GlobalMean,9,-0.0355,0.0368,-0.022,-0.0993,-0.0001,113.1488,83.083,53.4444
target_only,100,LightGBM,9,-0.1021,0.1305,-0.1435,-0.2816,0.1263,115.974,86.9203,53.4444
target_only,100,Ridge,9,-10.7328,7.5622,-15.9481,-18.8937,-0.7126,352.557,289.3162,53.4444
target_only,100,RouteStopMean,9,-0.0041,0.0727,-0.0216,-0.0821,0.1428,111.3706,80.4324,53.4444
target_only,100,StopMean,9,-0.0041,0.0727,-0.0216,-0.0821,0.1428,111.3706,80.4324,53.4444
target_only,100,TabPFN,9,0.0715,0.0924,0.0801,-0.0748,0.2474,106.8854,78.2442,53.4444
target_only,100,XGBoost,9,-0.0735,0.1175,-0.0708,-0.2865,0.1154,114.8222,85.0866,53.4444
target_only,500,GlobalMean,9,-0.0321,0.032,-0.0202,-0.0838,-0.0,112.8558,83.403,260.2222
target_only,500,LightGBM,9,-0.0235,0.1411,-0.0328,-0.2317,0.2033,111.9456,82.6632,260.2222
target_only,500,Ridge,9,-23.0298,51.9433,-6.0551,-160.6501,-0.5219,394.5866,342.7853,260.2222
target_only,500,RouteStopMean,9,0.0282,0.0545,0.0076,-0.0226,0.1533,109.5034,79.5206,260.2222
target_only,500,StopMean,9,0.0282,0.0545,0.0076,-0.0226,0.1533,109.5034,79.5206,260.2222
target_only,500,TabPFN,9,0.1435,0.0999,0.1095,0.0076,0.333,102.4132,73.9872,260.2222
target_only,500,XGBoost,9,-0.0458,0.1995,-0.0637,-0.4759,0.1963,113.0486,82.9695,260.2222
target_only,1000,GlobalMean,9,-0.031,0.0291,-0.0309,-0.0836,-0.001,112.8835,83.1778,522.3333
target_only,1000,LightGBM,9,0.0561,0.1632,0.0733,-0.1956,0.262,107.119,78.7485,522.3333
target_only,1000,Ridge,9,-6.0626,11.9676,-0.456,-34.7714,0.1074,237.0458,194.6731,522.3333
target_only,1000,RouteStopMean,9,0.0443,0.0581,0.0238,-0.0259,0.1596,108.6599,78.6271,522.3333
target_only,1000,StopMean,9,0.0443,0.0581,0.0238,-0.0259,0.1596,108.6599,78.6271,522.3333
target_only,1000,TabPFN,9,0.1879,0.0967,0.1405,0.075,0.3799,99.8475,71.2221,522.3333
target_only,1000,XGBoost,9,0.0341,0.1759,0.0449,-0.2217,0.2874,108.3465,79.7034,522.3333
target_only,5000,GlobalMean,9,-0.0142,0.0156,-0.0049,-0.046,-0.0012,111.913,83.0447,2622.3333
target_only,5000,LightGBM,9,0.175,0.1248,0.1451,0.0106,0.3743,100.3304,72.8051,2622.3333
target_only,5000,Ridge,9,-0.3653,1.1292,0.0497,-3.3504,0.2102,124.6527,94.7953,2622.3333
target_only,5000,RouteStopMean,9,0.0618,0.054,0.0726,-0.0147,0.1704,107.5864,78.7275,2622.3333
target_only,5000,StopMean,9,0.0618,0.054,0.0726,-0.0147,0.1704,107.5864,78.7275,2622.3333
target_only,5000,TabPFN,9,0.2581,0.1058,0.2815,0.1198,0.443,95.4268,67.5731,2622.3333
target_only,5000,XGBoost,9,0.1343,0.1439,0.1116,-0.0514,0.352,102.6881,75.7923,2622.3333
