route,condition,k,model,n_seeds,n_target_trips,n_train_rows,n_test_rows,R2,R2_seed_std,RMSE,MAE,training_time,prediction_time
F1,pooled,0,GlobalMean,3,0.0,467952.0,2000,-0.6731,0.0,166.7501,141.998,0.1099,0.0005
F1,pooled,0,LightGBM,3,0.0,467952.0,2000,-0.2309,0.0336,143.0173,115.2425,4.7949,0.0252
F1,pooled,0,Ridge,3,0.0,467952.0,2000,-1.4303,0.0,200.9701,176.2904,6.7736,0.013
F1,pooled,0,RouteStopMean,3,0.0,467952.0,2000,-0.6729,0.0,166.7381,141.9687,0.2381,0.0081
F1,pooled,0,StopMean,3,0.0,467952.0,2000,-0.6729,0.0,166.7381,141.9687,0.1443,0.007
F1,pooled,0,TabPFN,3,0.0,10000.0,2000,-0.7417,0.1506,170.0253,145.2131,3.3738,2.7533
F1,pooled,0,XGBoost,3,0.0,467952.0,2000,-0.3299,0.0193,148.6645,119.9498,7.5099,0.0261
F1,pooled,100,GlobalMean,3,56.6667,468052.0,2000,-0.6728,0.0,166.7369,141.985,0.0917,0.0006
F1,pooled,100,LightGBM,3,56.6667,468052.0,2000,0.0521,0.0132,125.5102,98.1283,4.8744,0.0221
F1,pooled,100,Ridge,3,56.6667,468052.0,2000,0.0759,0.0018,123.9286,93.567,6.9066,0.0138
F1,pooled,100,RouteStopMean,3,56.6667,468052.0,2000,0.0833,0.0074,123.4257,93.589,0.1935,0.007
F1,pooled,100,StopMean,3,56.6667,468052.0,2000,0.0833,0.0074,123.4257,93.589,0.1164,0.0037
F1,pooled,100,TabPFN,3,56.6667,10000.0,2000,0.1684,0.0084,117.5563,89.8367,3.0958,2.6829
F1,pooled,100,XGBoost,3,56.6667,468052.0,2000,0.075,0.0213,123.979,95.4939,7.6243,0.0222
F1,pooled,500,GlobalMean,3,266.6667,468452.0,2000,-0.6717,0.0001,166.6777,141.9261,0.0811,0.0004
F1,pooled,500,LightGBM,3,266.6667,468452.0,2000,0.1589,0.0272,118.2197,89.4239,4.5485,0.0226
F1,pooled,500,Ridge,3,266.6667,468452.0,2000,0.1282,0.0085,120.3683,89.2907,5.7696,0.0118
F1,pooled,500,RouteStopMean,3,266.6667,468452.0,2000,0.087,0.0027,123.1824,92.5278,0.2045,0.006
F1,pooled,500,StopMean,3,266.6667,468452.0,2000,0.087,0.0027,123.1824,92.5278,0.1177,0.0034
F1,pooled,500,TabPFN,3,266.6667,10000.0,2000,0.2302,0.0242,113.099,84.2997,3.1073,2.6845
F1,pooled,500,XGBoost,3,266.6667,468452.0,2000,0.1683,0.0177,117.5625,88.0294,6.9352,0.0189
F1,pooled,1000,GlobalMean,3,517.3333,468952.0,2000,-0.6702,0.0001,166.6037,141.8527,0.0975,0.0003
F1,pooled,1000,LightGBM,3,517.3333,468952.0,2000,0.1955,0.0118,115.6276,87.3422,4.51,0.0214
F1,pooled,1000,Ridge,3,517.3333,468952.0,2000,0.1433,0.0037,119.3242,88.886,6.1112,0.0129
F1,pooled,1000,RouteStopMean,3,517.3333,468952.0,2000,0.0884,0.0024,123.0851,92.5603,0.1882,0.0059
F1,pooled,1000,StopMean,3,517.3333,468952.0,2000,0.0884,0.0024,123.0851,92.5603,0.1252,0.0029
F1,pooled,1000,TabPFN,3,517.3333,10000.0,2000,0.2697,0.0124,110.1647,81.1923,3.1045,10.3677
F1,pooled,1000,XGBoost,3,517.3333,468952.0,2000,0.193,0.0226,115.8046,86.7724,8.9126,0.0192
F1,pooled,5000,GlobalMean,3,2628.6667,472952.0,2000,-0.659,0.0001,166.0472,141.299,0.1753,0.0006
F1,pooled,5000,LightGBM,3,2628.6667,472952.0,2000,0.2509,0.0152,111.5731,83.4028,6.116,0.0277
F1,pooled,5000,Ridge,3,2628.6667,472952.0,2000,0.1672,0.002,117.6431,87.8722,13.077,0.0168
F1,pooled,5000,RouteStopMean,3,2628.6667,472952.0,2000,0.0894,0.0016,123.0194,92.5424,0.3566,0.0122
F1,pooled,5000,StopMean,3,2628.6667,472952.0,2000,0.0894,0.0016,123.0194,92.5424,0.2335,0.0083
F1,pooled,5000,TabPFN,3,2628.6667,10000.0,2000,0.3866,0.0065,100.968,72.1535,2.3608,2.6865
F1,pooled,5000,XGBoost,3,2628.6667,472952.0,2000,0.2725,0.004,109.9588,81.8471,9.5864,0.0227
F1,pooled_10k,0,LightGBM,3,0.0,10000.0,2000,-0.4689,0.2912,155.7149,127.8071,0.6757,0.0252
F1,pooled_10k,0,XGBoost,3,0.0,10000.0,2000,-0.6885,0.0686,167.4923,138.4278,0.7114,0.0222
F1,pooled_10k,100,LightGBM,3,56.6667,10000.0,2000,0.1201,0.0104,120.9216,91.9546,0.6418,0.0204
F1,pooled_10k,100,XGBoost,3,56.6667,10000.0,2000,0.0967,0.0092,122.52,93.2764,1.106,0.0199
F1,pooled_10k,500,LightGBM,3,266.6667,10000.0,2000,0.175,0.0204,117.0869,86.6727,0.648,0.02
F1,pooled_10k,500,XGBoost,3,266.6667,10000.0,2000,0.1573,0.0371,118.3208,87.8911,0.645,0.0177
F1,pooled_10k,1000,LightGBM,3,517.3333,10000.0,2000,0.2246,0.0099,113.5184,84.0769,0.6933,0.0218
F1,pooled_10k,1000,XGBoost,3,517.3333,10000.0,2000,0.2085,0.0258,114.6782,84.927,0.6404,0.0205
F1,pooled_10k,5000,LightGBM,3,2628.6667,10000.0,2000,0.3231,0.0066,106.0625,77.7977,0.8997,0.026
F1,pooled_10k,5000,XGBoost,3,2628.6667,10000.0,2000,0.33,0.0136,105.5164,77.3661,0.9255,0.0258
F1,target_only,100,GlobalMean,3,56.6667,100.0,2000,-0.0069,0.0097,129.3607,100.4804,0.0007,0.0002
F1,target_only,100,LightGBM,3,56.6667,100.0,2000,-0.0544,0.0872,132.3023,101.4208,0.0901,0.0229
F1,target_only,100,Ridge,3,56.6667,100.0,2000,-0.0956,0.117,134.8084,103.1437,0.0154,0.0112
F1,target_only,100,RouteStopMean,3,56.6667,100.0,2000,0.084,0.0074,123.3785,93.5236,0.0027,0.0059
F1,target_only,100,StopMean,3,56.6667,100.0,2000,0.084,0.0074,123.3785,93.5236,0.0016,0.0034
F1,target_only,100,TabPFN,3,56.6667,100.0,2000,0.1252,0.011,120.5705,91.7359,2.9483,1.6135
F1,target_only,100,XGBoost,3,56.6667,100.0,2000,0.0324,0.0204,126.8018,96.0814,1.2343,0.0221
F1,target_only,500,GlobalMean,3,266.6667,500.0,2000,-0.0022,0.0022,129.057,99.1364,0.001,0.0003
F1,target_only,500,LightGBM,3,266.6667,500.0,2000,0.0309,0.0544,126.8745,94.9333,0.2898,0.0291
F1,target_only,500,Ridge,3,266.6667,500.0,2000,0.0962,0.0361,122.5446,92.1392,0.0215,0.0199
F1,target_only,500,RouteStopMean,3,266.6667,500.0,2000,0.0877,0.0027,123.133,92.4592,0.0029,0.0068
F1,target_only,500,StopMean,3,266.6667,500.0,2000,0.0877,0.0027,123.133,92.4592,0.0018,0.0054
F1,target_only,500,TabPFN,3,266.6667,500.0,2000,0.2153,0.0238,114.1865,84.5354,3.0149,1.6136
F1,target_only,500,XGBoost,3,266.6667,500.0,2000,0.073,0.0585,124.076,92.0782,0.4146,0.0196
F1,target_only,1000,GlobalMean,3,517.3333,1000.0,2000,-0.0008,0.0009,128.9671,98.9207,0.0019,0.0005
F1,target_only,1000,LightGBM,3,517.3333,1000.0,2000,0.1354,0.003,119.8698,88.6294,0.5473,0.0306
F1,target_only,1000,Ridge,3,517.3333,1000.0,2000,0.15,0.0088,118.8541,89.1381,0.023,0.0126
F1,target_only,1000,RouteStopMean,3,517.3333,1000.0,2000,0.0891,0.0024,123.0354,92.4917,0.0051,0.0091
F1,target_only,1000,StopMean,3,517.3333,1000.0,2000,0.0891,0.0024,123.0354,92.4917,0.002,0.0025
F1,target_only,1000,TabPFN,3,517.3333,1000.0,2000,0.2611,0.0154,110.8124,81.0041,3.0171,1.6864
F1,target_only,1000,XGBoost,3,517.3333,1000.0,2000,0.1572,0.0107,118.3485,87.234,0.4514,0.0206
F1,target_only,5000,GlobalMean,3,2628.6667,5000.0,2000,-0.0,0.0001,128.9181,99.2215,0.0027,0.0004
F1,target_only,5000,LightGBM,3,2628.6667,5000.0,2000,0.3164,0.014,106.5867,78.0259,0.8354,0.0382
F1,target_only,5000,Ridge,3,2628.6667,5000.0,2000,0.2082,0.0127,114.7129,85.9535,0.0851,0.0202
F1,target_only,5000,RouteStopMean,3,2628.6667,5000.0,2000,0.0896,0.0019,123.0011,92.5089,0.0098,0.0116
F1,target_only,5000,StopMean,3,2628.6667,5000.0,2000,0.0896,0.0019,123.0011,92.5089,0.0057,0.0053
F1,target_only,5000,TabPFN,3,2628.6667,5000.0,2000,0.3878,0.0115,100.8668,72.1077,2.9564,2.0793
F1,target_only,5000,XGBoost,3,2628.6667,5000.0,2000,0.3159,0.0221,106.6151,77.6892,0.7932,0.0263
F2,pooled,0,GlobalMean,3,0.0,480902.0,2000,-0.3129,0.0,122.5367,99.3087,0.1679,0.0005
F2,pooled,0,LightGBM,3,0.0,480902.0,2000,-0.0872,0.0157,111.5057,85.7713,5.9966,0.0266
F2,pooled,0,Ridge,3,0.0,480902.0,2000,-0.2078,0.0,117.5302,95.412,12.0251,0.0227
F2,pooled,0,RouteStopMean,3,0.0,480902.0,2000,-0.2022,0.0,117.2577,86.1305,0.3664,0.0143
F2,pooled,0,StopMean,3,0.0,480902.0,2000,-0.2022,0.0,117.2577,86.1305,0.218,0.0047
F2,pooled,0,TabPFN,3,0.0,10000.0,2000,-0.2194,0.0196,118.0925,97.1932,3.1647,2.8227
F2,pooled,0,XGBoost,3,0.0,480902.0,2000,-0.4029,0.0914,126.6225,101.8849,10.9494,0.026
F2,pooled,100,GlobalMean,3,43.6667,481002.0,2000,-0.3127,0.0,122.5293,99.2999,0.1357,0.0005
F2,pooled,100,LightGBM,3,43.6667,481002.0,2000,-0.0043,0.0115,107.169,78.8773,5.8859,0.0257
F2,pooled,100,Ridge,3,43.6667,481002.0,2000,-0.0081,0.0214,107.3693,75.0516,13.4552,0.02
F2,pooled,100,RouteStopMean,3,43.6667,481002.0,2000,-0.0374,0.0433,108.9077,76.1743,0.3651,0.0105
F2,pooled,100,StopMean,3,43.6667,481002.0,2000,-0.1067,0.0075,112.5044,82.2246,0.2122,0.0064
F2,pooled,100,TabPFN,3,43.6667,10000.0,2000,0.1007,0.0251,101.4068,72.3432,4.637,2.6874
F2,pooled,100,XGBoost,3,43.6667,481002.0,2000,-0.0472,0.0165,109.4336,82.7103,11.1163,0.0246
F2,pooled,500,GlobalMean,3,238.0,481402.0,2000,-0.3122,0.0001,122.503,99.2687,0.1591,0.0006
F2,pooled,500,LightGBM,3,238.0,481402.0,2000,0.0344,0.0431,105.0717,75.5423,5.9379,0.0251
F2,pooled,500,Ridge,3,238.0,481402.0,2000,0.0265,0.013,105.5176,74.8427,12.2193,0.0175
F2,pooled,500,RouteStopMean,3,238.0,481402.0,2000,0.0129,0.0185,106.2454,74.2809,0.3304,0.0111
F2,pooled,500,StopMean,3,238.0,481402.0,2000,-0.1015,0.006,112.2372,82.2837,0.2186,0.0058
F2,pooled,500,TabPFN,3,238.0,10000.0,2000,0.1312,0.0376,99.6669,70.2569,3.1672,2.6835
F2,pooled,500,XGBoost,3,238.0,481402.0,2000,0.033,0.0258,105.1565,77.4504,11.2432,0.0254
F2,pooled,1000,GlobalMean,3,470.6667,481902.0,2000,-0.3115,0.0,122.47,99.2295,0.1588,0.0008
F2,pooled,1000,LightGBM,3,470.6667,481902.0,2000,0.0654,0.0131,103.3839,74.3437,6.0575,0.0269
F2,pooled,1000,Ridge,3,470.6667,481902.0,2000,0.0343,0.0058,105.0921,74.6571,12.3184,0.0211
F2,pooled,1000,RouteStopMean,3,470.6667,481902.0,2000,0.0229,0.0081,105.7114,74.0108,0.3378,0.012
F2,pooled,1000,StopMean,3,470.6667,481902.0,2000,-0.0983,0.0024,112.0785,82.1555,0.2018,0.0061
F2,pooled,1000,TabPFN,3,470.6667,10000.0,2000,0.1809,0.0186,96.7831,68.0699,2.4382,3.6242
F2,pooled,1000,XGBoost,3,470.6667,481902.0,2000,0.0879,0.0022,102.1369,74.9196,10.8748,0.0233
F2,pooled,5000,GlobalMean,3,2401.6667,485902.0,2000,-0.3063,0.0001,122.2311,98.9447,0.1568,0.0006
F2,pooled,5000,LightGBM,3,2401.6667,485902.0,2000,0.13,0.0091,99.7468,71.918,5.9824,0.0271
F2,pooled,5000,Ridge,3,2401.6667,485902.0,2000,0.0461,0.0005,104.4498,74.8426,7.3431,0.0112
F2,pooled,5000,RouteStopMean,3,2401.6667,485902.0,2000,0.0315,0.0016,105.2432,74.3924,0.201,0.006
F2,pooled,5000,StopMean,3,2401.6667,485902.0,2000,-0.089,0.0007,111.5988,82.0943,0.2142,0.0034
F2,pooled,5000,TabPFN,3,2401.6667,10000.0,2000,0.2525,0.002,92.4584,65.2275,4.4418,2.6151
F2,pooled,5000,XGBoost,3,2401.6667,485902.0,2000,0.1546,0.0048,98.3293,71.2911,11.0157,0.024
F2,pooled_10k,0,LightGBM,3,0.0,10000.0,2000,-0.2383,0.1323,118.888,86.5921,0.921,0.0325
F2,pooled_10k,0,XGBoost,3,0.0,10000.0,2000,-0.2599,0.1082,119.9666,92.4151,0.9479,0.0275
F2,pooled_10k,100,LightGBM,3,43.6667,10000.0,2000,-0.0657,0.0679,110.3619,78.6522,0.8933,0.0249
F2,pooled_10k,100,XGBoost,3,43.6667,10000.0,2000,-0.0587,0.0349,110.027,79.5773,0.9213,0.023
F2,pooled_10k,500,LightGBM,3,238.0,10000.0,2000,0.0834,0.0106,102.3858,72.7964,0.8042,0.0277
F2,pooled_10k,500,XGBoost,3,238.0,10000.0,2000,0.0401,0.0225,104.7743,74.8362,0.9365,0.0224
F2,pooled_10k,1000,LightGBM,3,470.6667,10000.0,2000,0.1096,0.0138,100.9132,72.2623,0.8823,0.0261
F2,pooled_10k,1000,XGBoost,3,470.6667,10000.0,2000,0.0892,0.0312,102.052,73.1063,0.9248,0.0253
F2,pooled_10k,5000,LightGBM,3,2401.6667,10000.0,2000,0.1978,0.0111,95.7816,68.5583,0.6627,0.0195
F2,pooled_10k,5000,XGBoost,3,2401.6667,10000.0,2000,0.1784,0.0161,96.9342,69.489,0.6807,0.0162
F2,target_only,100,GlobalMean,3,43.6667,100.0,2000,-0.0199,0.0189,107.9969,75.5965,0.0015,0.0005
F2,target_only,100,LightGBM,3,43.6667,100.0,2000,-0.2752,0.1881,120.5562,89.0866,0.1107,0.0296
F2,target_only,100,Ridge,3,43.6667,100.0,2000,-0.2968,0.2571,121.3973,90.0953,0.0257,0.0231
F2,target_only,100,RouteStopMean,3,43.6667,100.0,2000,-0.0232,0.0505,108.1527,75.4265,0.0048,0.0102
F2,target_only,100,StopMean,3,43.6667,100.0,2000,-0.0232,0.0505,108.1527,75.4265,0.0027,0.0057
F2,target_only,100,TabPFN,3,43.6667,100.0,2000,0.0286,0.0397,105.3884,75.4979,30.1376,1.683
F2,target_only,100,XGBoost,3,43.6667,100.0,2000,-0.1508,0.0523,114.7046,82.1694,0.3818,0.0267
F2,target_only,500,GlobalMean,3,238.0,500.0,2000,-0.0062,0.0065,107.2744,75.6643,0.0015,0.0005
F2,target_only,500,LightGBM,3,238.0,500.0,2000,-0.0991,0.0251,112.1116,81.6106,0.4638,0.0335
F2,target_only,500,Ridge,3,238.0,500.0,2000,-0.0019,0.0446,107.0295,76.7552,0.0312,0.0203
F2,target_only,500,RouteStopMean,3,238.0,500.0,2000,0.0129,0.0185,106.2454,74.2809,0.0051,0.0108
F2,target_only,500,StopMean,3,238.0,500.0,2000,0.0129,0.0185,106.2454,74.2809,0.0025,0.0054
F2,target_only,500,TabPFN,3,238.0,500.0,2000,0.1185,0.027,100.4012,70.4402,3.083,1.6154
F2,target_only,500,XGBoost,3,238.0,500.0,2000,-0.0418,0.0474,109.1364,78.2555,0.5015,0.0256
F2,target_only,1000,GlobalMean,3,470.6667,1000.0,2000,-0.0035,0.0023,107.128,75.5715,0.0016,0.0005
F2,target_only,1000,LightGBM,3,470.6667,1000.0,2000,-0.0271,0.0368,108.3682,78.4658,0.8177,0.0347
F2,target_only,1000,Ridge,3,470.6667,1000.0,2000,0.0518,0.0192,104.1316,74.636,0.038,0.0212
F2,target_only,1000,RouteStopMean,3,470.6667,1000.0,2000,0.0229,0.0081,105.7114,74.0108,0.0057,0.0118
F2,target_only,1000,StopMean,3,470.6667,1000.0,2000,0.0229,0.0081,105.7114,74.0108,0.0024,0.0038
F2,target_only,1000,TabPFN,3,470.6667,1000.0,2000,0.1783,0.0143,96.9395,68.2368,3.687,1.6811
F2,target_only,1000,XGBoost,3,470.6667,1000.0,2000,0.0085,0.0432,106.47,76.3404,0.5698,0.0244
F2,target_only,5000,GlobalMean,3,2401.6667,5000.0,2000,-0.0002,0.0003,106.9537,76.113,0.002,0.0003
F2,target_only,5000,LightGBM,3,2401.6667,5000.0,2000,0.1354,0.0312,99.4264,71.5256,0.8179,0.0296
F2,target_only,5000,Ridge,3,2401.6667,5000.0,2000,0.1266,0.0055,99.9452,72.1168,0.0501,0.0105
F2,target_only,5000,RouteStopMean,3,2401.6667,5000.0,2000,0.0315,0.0016,105.2432,74.3924,0.0046,0.0053
F2,target_only,5000,StopMean,3,2401.6667,5000.0,2000,0.0315,0.0016,105.2432,74.3924,0.0028,0.0029
F2,target_only,5000,TabPFN,3,2401.6667,5000.0,2000,0.2494,0.0034,92.6513,65.4486,2.4928,1.8164
F2,target_only,5000,XGBoost,3,2401.6667,5000.0,2000,0.1334,0.0165,99.5527,71.649,0.7036,0.0229
F3,pooled,0,GlobalMean,3,0.0,293375.0,2000,-0.0003,0.0,113.1557,85.3815,0.089,0.0005
F3,pooled,0,LightGBM,3,0.0,293375.0,2000,-1.0017,0.0959,160.0389,122.9786,4.0402,0.0328
F3,pooled,0,Ridge,3,0.0,293375.0,2000,-0.0966,0.0,118.4745,87.4942,9.1533,0.0127
F3,pooled,0,RouteStopMean,3,0.0,293375.0,2000,-0.0388,0.0,115.3083,89.2355,0.2311,0.0125
F3,pooled,0,StopMean,3,0.0,293375.0,2000,-0.0388,0.0,115.3083,89.2355,0.1285,0.0053
F3,pooled,0,TabPFN,3,0.0,10000.0,2000,-0.0464,0.019,115.7275,81.8428,3.7044,2.7572
F3,pooled,0,XGBoost,3,0.0,293375.0,2000,-0.9562,0.1787,158.1287,120.8136,5.291,0.03
F3,pooled,100,GlobalMean,3,7.0,293475.0,2000,-0.0003,0.0,113.1557,85.3811,0.0616,0.0004
F3,pooled,100,LightGBM,3,7.0,293475.0,2000,-0.081,0.0471,117.6117,84.9935,3.1912,0.0211
F3,pooled,100,Ridge,3,7.0,293475.0,2000,-0.086,0.0309,117.895,90.0307,6.9082,0.0218
F3,pooled,100,RouteStopMean,3,7.0,293475.0,2000,-0.2338,0.1183,125.5708,90.6454,0.1367,0.009
F3,pooled,100,StopMean,3,7.0,293475.0,2000,-0.163,0.0621,121.9796,92.2751,0.0919,0.0032
F3,pooled,100,TabPFN,3,7.0,10000.0,2000,0.0202,0.0205,111.983,81.0765,3.7822,2.6227
F3,pooled,100,XGBoost,3,7.0,293475.0,2000,-0.1502,0.0795,121.2876,89.08,5.507,0.0189
F3,pooled,500,GlobalMean,3,33.6667,293875.0,2000,-0.0003,0.0,113.156,85.3847,0.1028,0.0008
F3,pooled,500,LightGBM,3,33.6667,293875.0,2000,-0.041,0.0925,115.3582,84.9574,4.2027,0.0279
F3,pooled,500,Ridge,3,33.6667,293875.0,2000,-0.0705,0.0146,117.0542,91.2379,10.4599,0.0197
F3,pooled,500,RouteStopMean,3,33.6667,293875.0,2000,-0.0378,0.0344,115.2455,88.9785,0.237,0.0168
F3,pooled,500,StopMean,3,33.6667,293875.0,2000,-0.045,0.0354,115.6461,91.2016,0.1439,0.0071
F3,pooled,500,TabPFN,3,33.6667,10000.0,2000,0.0465,0.0203,110.4712,82.106,3.1041,2.7532
F3,pooled,500,XGBoost,3,33.6667,293875.0,2000,-0.0191,0.0912,114.1384,85.2205,7.0234,0.0249
F3,pooled,1000,GlobalMean,3,60.6667,294375.0,2000,-0.0003,0.0,113.1563,85.3878,0.0979,0.0006
F3,pooled,1000,LightGBM,3,60.6667,294375.0,2000,0.0278,0.0262,111.5439,82.5023,4.553,0.0269
F3,pooled,1000,Ridge,3,60.6667,294375.0,2000,-0.0278,0.0117,114.699,89.5401,6.8027,0.0111
F3,pooled,1000,RouteStopMean,3,60.6667,294375.0,2000,0.004,0.0134,112.9109,87.0107,0.2267,0.0121
F3,pooled,1000,StopMean,3,60.6667,294375.0,2000,-0.0123,0.007,113.8317,89.3794,0.151,0.0071
F3,pooled,1000,TabPFN,3,60.6667,10000.0,2000,0.0904,0.021,107.8979,79.2469,2.4304,2.7548
F3,pooled,1000,XGBoost,3,60.6667,294375.0,2000,0.0412,0.0372,110.77,82.4915,7.7663,0.0265
F3,pooled,5000,GlobalMean,3,318.0,298375.0,2000,-0.0003,0.0,113.1565,85.3902,0.0692,0.0005
F3,pooled,5000,LightGBM,3,318.0,298375.0,2000,0.093,0.0018,107.7501,79.7842,2.9254,0.019
F3,pooled,5000,Ridge,3,318.0,298375.0,2000,0.0123,0.0096,112.4363,86.162,4.9644,0.0103
F3,pooled,5000,RouteStopMean,3,318.0,298375.0,2000,0.0373,0.0061,111.009,84.1288,0.1282,0.0064
F3,pooled,5000,StopMean,3,318.0,298375.0,2000,0.0093,0.005,112.6109,86.9851,0.0965,0.003
F3,pooled,5000,TabPFN,3,318.0,10000.0,2000,0.1762,0.0259,102.6815,74.4962,2.9597,2.6809
F3,pooled,5000,XGBoost,3,318.0,298375.0,2000,0.1058,0.0146,106.9799,79.3525,5.5094,0.0184
F3,pooled_10k,0,LightGBM,3,0.0,10000.0,2000,-0.9639,0.3462,158.143,120.8579,0.9493,0.0244
F3,pooled_10k,0,XGBoost,3,0.0,10000.0,2000,-0.7859,0.2653,150.9245,113.231,0.7183,0.0195
F3,pooled_10k,100,LightGBM,3,7.0,10000.0,2000,-0.0923,0.0189,118.2389,86.9533,0.8814,0.0312
F3,pooled_10k,100,XGBoost,3,7.0,10000.0,2000,-0.1302,0.0835,120.2254,89.341,0.9097,0.0229
F3,pooled_10k,500,LightGBM,3,33.6667,10000.0,2000,-0.0698,0.1296,116.8802,87.6203,0.8836,0.0285
F3,pooled_10k,500,XGBoost,3,33.6667,10000.0,2000,-0.0762,0.1093,117.2692,88.2061,0.9338,0.023
F3,pooled_10k,1000,LightGBM,3,60.6667,10000.0,2000,-0.0092,0.0495,113.6334,85.0293,0.6693,0.0206
F3,pooled_10k,1000,XGBoost,3,60.6667,10000.0,2000,-0.0216,0.0511,114.3266,85.7588,0.8042,0.0174
F3,pooled_10k,5000,LightGBM,3,318.0,10000.0,2000,0.07,0.0276,109.095,80.5918,0.5527,0.0201
F3,pooled_10k,5000,XGBoost,3,318.0,10000.0,2000,0.068,0.0275,109.2157,81.1572,0.7051,0.0178
F3,target_only,100,GlobalMean,3,7.0,100.0,2000,-0.0022,0.0036,113.2592,84.354,0.001,0.0003
F3,target_only,100,LightGBM,3,7.0,100.0,2000,-0.2953,0.0841,128.7183,96.9793,0.1017,0.0225
F3,target_only,100,Ridge,3,7.0,100.0,2000,-0.664,0.2892,145.5552,111.1784,0.0191,0.0208
F3,target_only,100,RouteStopMean,3,7.0,100.0,2000,-0.2233,0.1133,125.0422,89.9201,0.0039,0.0079
F3,target_only,100,StopMean,3,7.0,100.0,2000,-0.2233,0.1133,125.0422,89.9201,0.0021,0.0036
F3,target_only,100,TabPFN,3,7.0,100.0,2000,-0.0463,0.0519,115.7013,86.2037,3.0188,9.3682
F3,target_only,100,XGBoost,3,7.0,100.0,2000,-0.57,0.3082,141.2788,108.7448,0.3368,0.0225
F3,target_only,500,GlobalMean,3,33.6667,500.0,2000,-0.0348,0.0314,115.0799,88.5964,0.0013,0.0005
F3,target_only,500,LightGBM,3,33.6667,500.0,2000,-0.6449,0.7823,142.5898,109.8269,0.5122,0.0371
F3,target_only,500,Ridge,3,33.6667,500.0,2000,-1.0831,0.8694,161.0593,125.5061,0.0322,0.0218
F3,target_only,500,RouteStopMean,3,33.6667,500.0,2000,-0.0313,0.0381,114.879,88.6005,0.0068,0.0144
F3,target_only,500,StopMean,3,33.6667,500.0,2000,-0.0313,0.0381,114.879,88.6005,0.0038,0.0067
F3,target_only,500,TabPFN,3,33.6667,500.0,2000,-0.0463,0.0938,115.6486,88.602,3.6856,1.6913
F3,target_only,500,XGBoost,3,33.6667,500.0,2000,-0.4126,0.4945,133.1808,102.2786,0.5202,0.0262
F3,target_only,1000,GlobalMean,3,60.6667,1000.0,2000,-0.0122,0.0102,113.8238,87.599,0.0013,0.0004
F3,target_only,1000,LightGBM,3,60.6667,1000.0,2000,-0.3194,0.293,129.4484,98.9075,0.6887,0.0366
F3,target_only,1000,Ridge,3,60.6667,1000.0,2000,-0.3203,0.1417,129.8745,99.8295,0.0201,0.0106
F3,target_only,1000,RouteStopMean,3,60.6667,1000.0,2000,0.0061,0.0138,112.7875,86.9062,0.0056,0.0119
F3,target_only,1000,StopMean,3,60.6667,1000.0,2000,0.0061,0.0138,112.7875,86.9062,0.004,0.005
F3,target_only,1000,TabPFN,3,60.6667,1000.0,2000,0.0163,0.0689,112.1633,85.203,2.949,1.6883
F3,target_only,1000,XGBoost,3,60.6667,1000.0,2000,-0.2377,0.2082,125.5704,95.1243,0.6342,0.0269
F3,target_only,5000,GlobalMean,3,318.0,5000.0,2000,-0.0028,0.0043,113.2937,85.9668,0.0021,0.0004
F3,target_only,5000,LightGBM,3,318.0,5000.0,2000,0.041,0.029,110.7824,82.6242,0.5644,0.0279
F3,target_only,5000,Ridge,3,318.0,5000.0,2000,0.0137,0.0085,112.3589,84.7104,0.061,0.0119
F3,target_only,5000,RouteStopMean,3,318.0,5000.0,2000,0.0373,0.0061,111.009,84.1288,0.0047,0.0061
F3,target_only,5000,StopMean,3,318.0,5000.0,2000,0.0373,0.0061,111.009,84.1288,0.0043,0.0059
F3,target_only,5000,TabPFN,3,318.0,5000.0,2000,0.1512,0.0214,104.2307,76.92,3.625,2.0232
F3,target_only,5000,XGBoost,3,318.0,5000.0,2000,0.0056,0.0089,112.8193,84.5066,0.5015,0.0194
F4,pooled,0,GlobalMean,3,0.0,401320.0,2000,-0.1445,0.0,142.9922,105.4661,0.0633,0.0006
F4,pooled,0,LightGBM,3,0.0,401320.0,2000,-0.5371,0.0697,165.6827,121.246,3.7012,0.0231
F4,pooled,0,Ridge,3,0.0,401320.0,2000,-0.0293,0.0,135.6073,100.2057,6.3894,0.0137
F4,pooled,0,RouteStopMean,3,0.0,401320.0,2000,-0.1385,0.0,142.6197,102.1991,0.1535,0.0058
F4,pooled,0,StopMean,3,0.0,401320.0,2000,-0.1385,0.0,142.6197,102.1991,0.1069,0.0029
F4,pooled,0,TabPFN,3,0.0,10000.0,2000,-0.0768,0.0079,138.6954,101.2575,2.4319,27.1365
F4,pooled,0,XGBoost,3,0.0,401320.0,2000,-0.3687,0.0514,156.3553,116.7468,6.8841,0.0202
F4,pooled,100,GlobalMean,3,14.0,401420.0,2000,-0.1445,0.0001,142.9896,105.465,0.089,0.0006
F4,pooled,100,LightGBM,3,14.0,401420.0,2000,0.0703,0.0064,128.8757,96.702,4.613,0.0201
F4,pooled,100,Ridge,3,14.0,401420.0,2000,-0.0392,0.0465,136.2299,102.4811,6.4649,0.0127
F4,pooled,100,RouteStopMean,3,14.0,401420.0,2000,-0.0496,0.0503,136.9088,102.5855,0.1724,0.0064
F4,pooled,100,StopMean,3,14.0,401420.0,2000,-0.1449,0.0075,143.0165,102.3737,0.1211,0.0043
F4,pooled,100,TabPFN,3,14.0,10000.0,2000,0.0162,0.0916,132.4808,97.5158,5.8488,9.9001
F4,pooled,100,XGBoost,3,14.0,401420.0,2000,0.04,0.013,130.9589,100.0812,7.1704,0.0436
F4,pooled,500,GlobalMean,3,70.0,401820.0,2000,-0.1441,0.0001,142.9701,105.4564,0.0786,0.0006
F4,pooled,500,LightGBM,3,70.0,401820.0,2000,0.1003,0.0086,126.7788,95.8122,3.8859,0.0221
F4,pooled,500,Ridge,3,70.0,401820.0,2000,0.0367,0.0053,131.1868,101.4307,10.5329,0.0174
F4,pooled,500,RouteStopMean,3,70.0,401820.0,2000,0.0217,0.0278,132.1911,101.2326,0.1734,0.0069
F4,pooled,500,StopMean,3,70.0,401820.0,2000,-0.1206,0.0037,141.493,101.1896,0.1006,0.0038
F4,pooled,500,TabPFN,3,70.0,10000.0,2000,0.0865,0.0232,127.7407,93.6899,3.1613,2.8204
F4,pooled,500,XGBoost,3,70.0,401820.0,2000,0.1131,0.0171,125.8752,96.4776,7.4361,0.0181
F4,pooled,1000,GlobalMean,3,131.6667,402320.0,2000,-0.1439,0.0001,142.9549,105.4496,0.1158,0.0005
F4,pooled,1000,LightGBM,3,131.6667,402320.0,2000,0.0957,0.0174,127.0977,95.661,4.8947,0.0219
F4,pooled,1000,Ridge,3,131.6667,402320.0,2000,0.0422,0.0059,130.8104,99.8856,11.0033,0.0208
F4,pooled,1000,RouteStopMean,3,131.6667,402320.0,2000,0.0494,0.01,130.3142,98.699,0.2759,0.0146
F4,pooled,1000,StopMean,3,131.6667,402320.0,2000,-0.1069,0.0018,140.6233,100.6046,0.1958,0.0074
F4,pooled,1000,TabPFN,3,131.6667,10000.0,2000,0.1565,0.0301,122.7476,88.5977,3.231,2.7462
F4,pooled,1000,XGBoost,3,131.6667,402320.0,2000,0.1275,0.0091,124.845,95.1532,8.9033,0.0227
F4,pooled,5000,GlobalMean,3,654.0,406320.0,2000,-0.1416,0.0002,142.8113,105.3873,0.1204,0.0006
F4,pooled,5000,LightGBM,3,654.0,406320.0,2000,0.2021,0.0419,119.3643,88.5434,5.0228,0.0262
F4,pooled,5000,Ridge,3,654.0,406320.0,2000,0.0652,0.0032,129.227,98.0062,10.4468,0.0234
F4,pooled,5000,RouteStopMean,3,654.0,406320.0,2000,0.0608,0.0027,129.5364,97.7534,0.3096,0.0135
F4,pooled,5000,StopMean,3,654.0,406320.0,2000,-0.043,0.0039,136.5012,98.716,0.2296,0.008
F4,pooled,5000,TabPFN,3,654.0,10000.0,2000,0.3062,0.0134,111.3323,79.7967,2.359,2.6207
F4,pooled,5000,XGBoost,3,654.0,406320.0,2000,0.2064,0.0199,119.0674,89.2895,9.0652,0.0219
F4,pooled_10k,0,LightGBM,3,0.0,10000.0,2000,-0.6607,0.1067,172.1877,128.0415,0.652,0.0241
F4,pooled_10k,0,XGBoost,3,0.0,10000.0,2000,-0.6218,0.0644,170.192,127.4261,0.7417,0.02
F4,pooled_10k,100,LightGBM,3,14.0,10000.0,2000,-0.0284,0.0336,135.5327,101.6411,0.6626,0.0221
F4,pooled_10k,100,XGBoost,3,14.0,10000.0,2000,-0.0201,0.0156,134.9928,101.5525,0.6642,0.018
F4,pooled_10k,500,LightGBM,3,70.0,10000.0,2000,0.0801,0.0204,128.1872,96.5534,0.8845,0.0234
F4,pooled_10k,500,XGBoost,3,70.0,10000.0,2000,0.0682,0.0256,129.0173,97.295,0.8362,0.0231
F4,pooled_10k,1000,LightGBM,3,131.6667,10000.0,2000,0.1203,0.0317,125.3503,93.5857,0.8078,0.0258
F4,pooled_10k,1000,XGBoost,3,131.6667,10000.0,2000,0.1131,0.0348,125.8572,94.2521,0.8209,0.0231
F4,pooled_10k,5000,LightGBM,3,654.0,10000.0,2000,0.2511,0.0131,115.666,83.9984,0.7885,0.0258
F4,pooled_10k,5000,XGBoost,3,654.0,10000.0,2000,0.2685,0.0205,114.3131,83.4143,0.8861,0.0225
F4,target_only,100,GlobalMean,3,14.0,100.0,2000,-0.078,0.0735,138.7221,105.7928,0.0009,0.0003
F4,target_only,100,LightGBM,3,14.0,100.0,2000,-0.5478,0.323,165.6413,126.0777,0.0845,0.0216
F4,target_only,100,Ridge,3,14.0,100.0,2000,-0.7654,0.4273,176.7134,137.2323,0.0101,0.0112
F4,target_only,100,RouteStopMean,3,14.0,100.0,2000,-0.0412,0.0492,136.36,102.7382,0.0031,0.0067
F4,target_only,100,StopMean,3,14.0,100.0,2000,-0.0412,0.0492,136.36,102.7382,0.002,0.0036
F4,target_only,100,TabPFN,3,14.0,100.0,2000,-0.1424,0.0847,142.7928,108.22,3.6854,1.6198
F4,target_only,100,XGBoost,3,14.0,100.0,2000,-0.3102,0.1434,152.838,116.0979,0.5058,0.0297
F4,target_only,500,GlobalMean,3,70.0,500.0,2000,-0.0045,0.0032,133.9584,104.7652,0.0006,0.0002
F4,target_only,500,LightGBM,3,70.0,500.0,2000,-0.288,0.0429,151.6797,117.3941,0.3452,0.0268
F4,target_only,500,Ridge,3,70.0,500.0,2000,-0.4973,0.1184,163.4704,125.8809,0.0272,0.0216
F4,target_only,500,RouteStopMean,3,70.0,500.0,2000,0.0232,0.0238,132.0925,101.232,0.0027,0.0051
F4,target_only,500,StopMean,3,70.0,500.0,2000,0.0232,0.0238,132.0925,101.232,0.002,0.0035
F4,target_only,500,TabPFN,3,70.0,500.0,2000,0.0506,0.0386,130.2192,99.6874,3.0151,9.9016
F4,target_only,500,XGBoost,3,70.0,500.0,2000,-0.1862,0.0229,145.57,111.8904,0.3752,0.0209
F4,target_only,1000,GlobalMean,3,131.6667,1000.0,2000,-0.005,0.0051,133.9938,103.7906,0.0016,0.0004
F4,target_only,1000,LightGBM,3,131.6667,1000.0,2000,-0.1047,0.0783,140.4272,107.0831,0.6003,0.0346
F4,target_only,1000,Ridge,3,131.6667,1000.0,2000,-0.1239,0.0727,141.6519,108.334,0.045,0.027
F4,target_only,1000,RouteStopMean,3,131.6667,1000.0,2000,0.0489,0.0098,130.3485,98.7362,0.0061,0.0114
F4,target_only,1000,StopMean,3,131.6667,1000.0,2000,0.0489,0.0098,130.3485,98.7362,0.0039,0.0064
F4,target_only,1000,TabPFN,3,131.6667,1000.0,2000,0.1522,0.0219,123.0599,92.2528,2.4808,1.681
F4,target_only,1000,XGBoost,3,131.6667,1000.0,2000,-0.031,0.0818,135.6493,103.2821,0.5059,0.0254
F4,target_only,5000,GlobalMean,3,654.0,5000.0,2000,-0.0051,0.003,133.9987,103.7019,0.0027,0.0007
F4,target_only,5000,LightGBM,3,654.0,5000.0,2000,0.2157,0.0101,118.3709,86.6439,0.8526,0.0306
F4,target_only,5000,Ridge,3,654.0,5000.0,2000,0.0769,0.0108,128.4168,97.3073,0.0937,0.02
F4,target_only,5000,RouteStopMean,3,654.0,5000.0,2000,0.0603,0.0028,129.566,97.7852,0.0114,0.014
F4,target_only,5000,StopMean,3,654.0,5000.0,2000,0.0603,0.0028,129.566,97.7852,0.0044,0.0052
F4,target_only,5000,TabPFN,3,654.0,5000.0,2000,0.3,0.0067,111.8246,80.7228,3.0198,2.0233
F4,target_only,5000,XGBoost,3,654.0,5000.0,2000,0.2054,0.0352,119.1255,87.9492,0.7033,0.0232
F5,pooled,0,GlobalMean,3,0.0,461841.0,2000,-0.0031,0.0,107.0355,77.0303,0.1289,0.0005
F5,pooled,0,LightGBM,3,0.0,461841.0,2000,-0.4526,0.0365,128.7981,92.1795,5.5768,0.0356
F5,pooled,0,Ridge,3,0.0,461841.0,2000,-0.0431,0.0,109.1479,76.9964,11.7661,0.0202
F5,pooled,0,RouteStopMean,3,0.0,461841.0,2000,-0.0729,0.0,110.6973,79.3087,0.3217,0.0124
F5,pooled,0,StopMean,3,0.0,461841.0,2000,-0.0729,0.0,110.6973,79.3087,0.2259,0.0057
F5,pooled,0,TabPFN,3,0.0,10000.0,2000,-0.0252,0.0143,108.2068,76.7078,3.232,2.752
F5,pooled,0,XGBoost,3,0.0,461841.0,2000,-0.4236,0.0488,127.5017,92.6042,9.9615,0.0328
F5,pooled,100,GlobalMean,3,19.3333,461941.0,2000,-0.0031,0.0,107.0356,77.0301,0.1367,0.0005
F5,pooled,100,LightGBM,3,19.3333,461941.0,2000,-0.0189,0.0273,107.869,76.4916,5.3361,0.0235
F5,pooled,100,Ridge,3,19.3333,461941.0,2000,0.061,0.0617,103.5208,72.4622,16.4474,0.0212
F5,pooled,100,RouteStopMean,3,19.3333,461941.0,2000,-0.0442,0.0384,109.1956,74.167,0.3483,0.0177
F5,pooled,100,StopMean,3,19.3333,461941.0,2000,-0.0457,0.0336,109.2747,74.735,0.2178,0.0064
F5,pooled,100,TabPFN,3,19.3333,10000.0,2000,0.0956,0.0846,101.5613,69.8328,3.1096,2.62
F5,pooled,100,XGBoost,3,19.3333,461941.0,2000,-0.0049,0.043,107.1145,76.2012,9.9106,0.023
F5,pooled,500,GlobalMean,3,89.3333,462341.0,2000,-0.0031,0.0,107.0355,77.0304,0.1414,0.0007
F5,pooled,500,LightGBM,3,89.3333,462341.0,2000,0.0637,0.0059,103.4103,74.6947,5.7351,0.0247
F5,pooled,500,Ridge,3,89.3333,462341.0,2000,0.1272,0.0073,99.8405,70.9286,13.9379,0.0131
F5,pooled,500,RouteStopMean,3,89.3333,462341.0,2000,0.0823,0.0166,102.3781,72.3658,0.3408,0.0117
F5,pooled,500,StopMean,3,89.3333,462341.0,2000,0.0011,0.0087,106.8116,74.765,0.2181,0.0056
F5,pooled,500,TabPFN,3,89.3333,10000.0,2000,0.2615,0.0277,91.8288,65.6486,3.0941,2.7498
F5,pooled,500,XGBoost,3,89.3333,462341.0,2000,0.0655,0.0109,103.308,74.68,10.0232,0.0225
F5,pooled,1000,GlobalMean,3,171.6667,462841.0,2000,-0.0031,0.0,107.0352,77.0308,0.1355,0.0006
F5,pooled,1000,LightGBM,3,171.6667,462841.0,2000,0.0762,0.0074,102.7163,74.1775,5.5627,0.0249
F5,pooled,1000,Ridge,3,171.6667,462841.0,2000,0.1338,0.0035,99.4622,70.9405,13.5293,0.0213
F5,pooled,1000,RouteStopMean,3,171.6667,462841.0,2000,0.1005,0.0094,101.3569,72.2028,0.3332,0.0102
F5,pooled,1000,StopMean,3,171.6667,462841.0,2000,0.0087,0.0035,106.4029,74.8111,0.2036,0.0051
F5,pooled,1000,TabPFN,3,171.6667,10000.0,2000,0.3044,0.0209,89.1272,63.5089,2.9671,2.684
F5,pooled,1000,XGBoost,3,171.6667,462841.0,2000,0.1058,0.0274,101.0526,73.4387,9.9854,0.0202
F5,pooled,5000,GlobalMean,3,867.6667,466841.0,2000,-0.003,0.0001,107.032,77.0362,0.1216,0.0004
F5,pooled,5000,LightGBM,3,867.6667,466841.0,2000,0.1795,0.0088,96.8033,70.5127,5.4216,0.0268
F5,pooled,5000,Ridge,3,867.6667,466841.0,2000,0.1429,0.003,98.9418,71.5533,11.9332,0.0199
F5,pooled,5000,RouteStopMean,3,867.6667,466841.0,2000,0.1145,0.0028,100.5663,72.291,0.3196,0.0113
F5,pooled,5000,StopMean,3,867.6667,466841.0,2000,0.0137,0.001,106.1379,75.1425,0.2134,0.0061
F5,pooled,5000,TabPFN,3,867.6667,10000.0,2000,0.4179,0.0214,81.5262,57.535,3.7132,2.7556
F5,pooled,5000,XGBoost,3,867.6667,466841.0,2000,0.2258,0.0208,94.0296,68.1661,9.9349,0.0229
F5,pooled_10k,0,LightGBM,3,0.0,10000.0,2000,-0.4204,0.1462,127.2542,91.19,0.8427,0.0277
F5,pooled_10k,0,XGBoost,3,0.0,10000.0,2000,-0.4399,0.1377,128.1405,93.3479,0.868,0.0264
F5,pooled_10k,100,LightGBM,3,19.3333,10000.0,2000,-0.0252,0.0647,108.1731,77.3124,0.83,0.0247
F5,pooled_10k,100,XGBoost,3,19.3333,10000.0,2000,-0.0223,0.0429,108.0421,77.0822,0.9225,0.0225
F5,pooled_10k,500,LightGBM,3,89.3333,10000.0,2000,0.1552,0.0238,98.223,70.5646,0.812,0.0256
F5,pooled_10k,500,XGBoost,3,89.3333,10000.0,2000,0.1335,0.0257,99.4768,71.5704,0.8584,0.0237
F5,pooled_10k,1000,LightGBM,3,171.6667,10000.0,2000,0.2125,0.0289,94.8297,68.1621,0.7865,0.0236
F5,pooled_10k,1000,XGBoost,3,171.6667,10000.0,2000,0.2031,0.0195,95.3998,68.6348,0.8568,0.0203
F5,pooled_10k,5000,LightGBM,3,867.6667,10000.0,2000,0.3505,0.0205,86.1213,62.0418,0.7372,0.024
F5,pooled_10k,5000,XGBoost,3,867.6667,10000.0,2000,0.3406,0.0301,86.7695,62.2754,0.8271,0.0229
F5,target_only,100,GlobalMean,3,19.3333,100.0,2000,-0.0274,0.0145,108.3246,76.7704,0.001,0.0004
F5,target_only,100,LightGBM,3,19.3333,100.0,2000,-0.3343,0.3722,122.6735,92.4512,0.1007,0.0274
F5,target_only,100,Ridge,3,19.3333,100.0,2000,-1.1691,0.6093,156.252,121.4547,0.0177,0.0205
F5,target_only,100,RouteStopMean,3,19.3333,100.0,2000,-0.0373,0.0481,108.8273,74.0746,0.0065,0.0113
F5,target_only,100,StopMean,3,19.3333,100.0,2000,-0.0373,0.0481,108.8273,74.0746,0.0027,0.0053
F5,target_only,100,TabPFN,3,19.3333,100.0,2000,0.1017,0.038,101.2735,72.4487,2.8858,26.0046
F5,target_only,100,XGBoost,3,19.3333,100.0,2000,-0.2256,0.2895,117.7896,82.7436,0.3981,0.0234
F5,target_only,500,GlobalMean,3,89.3333,500.0,2000,-0.0037,0.0034,107.0672,77.1472,0.0014,0.0004
F5,target_only,500,LightGBM,3,89.3333,500.0,2000,-0.0077,0.0136,107.2823,80.1386,0.448,0.0354
F5,target_only,500,Ridge,3,89.3333,500.0,2000,0.0028,0.0561,106.6933,79.5405,0.0271,0.0299
F5,target_only,500,RouteStopMean,3,89.3333,500.0,2000,0.0822,0.0166,102.3789,72.3938,0.0056,0.0141
F5,target_only,500,StopMean,3,89.3333,500.0,2000,0.0822,0.0166,102.3789,72.3938,0.0032,0.0067
F5,target_only,500,TabPFN,3,89.3333,500.0,2000,0.2144,0.0276,94.7129,68.0911,2.9507,1.6187
F5,target_only,500,XGBoost,3,89.3333,500.0,2000,0.0484,0.0256,104.2445,75.4469,0.4721,0.0245
F5,target_only,1000,GlobalMean,3,171.6667,1000.0,2000,-0.0014,0.0013,106.9468,77.2652,0.0012,0.0003
F5,target_only,1000,LightGBM,3,171.6667,1000.0,2000,0.117,0.0297,100.4145,73.5421,0.7198,0.0338
F5,target_only,1000,Ridge,3,171.6667,1000.0,2000,0.1107,0.0403,100.7631,74.6368,0.0382,0.0198
F5,target_only,1000,RouteStopMean,3,171.6667,1000.0,2000,0.1005,0.0094,101.3569,72.2028,0.0073,0.0145
F5,target_only,1000,StopMean,3,171.6667,1000.0,2000,0.1005,0.0094,101.3569,72.2028,0.0034,0.0059
F5,target_only,1000,TabPFN,3,171.6667,1000.0,2000,0.2875,0.0143,90.2079,64.7696,2.3495,1.6856
F5,target_only,1000,XGBoost,3,171.6667,1000.0,2000,0.1547,0.0159,98.2533,71.1582,0.5504,0.0239
F5,target_only,5000,GlobalMean,3,867.6667,5000.0,2000,-0.0014,0.0011,106.9453,77.8091,0.0026,0.0005
F5,target_only,5000,LightGBM,3,867.6667,5000.0,2000,0.3282,0.0123,87.5904,63.3563,0.7355,0.0293
F5,target_only,5000,Ridge,3,867.6667,5000.0,2000,0.2224,0.0165,94.2356,69.8289,0.0915,0.019
F5,target_only,5000,RouteStopMean,3,867.6667,5000.0,2000,0.1145,0.0028,100.5663,72.291,0.0097,0.0108
F5,target_only,5000,StopMean,3,867.6667,5000.0,2000,0.1145,0.0028,100.5663,72.291,0.0048,0.0059
F5,target_only,5000,TabPFN,3,867.6667,5000.0,2000,0.4212,0.0152,81.3014,57.6129,3.8303,2.087
F5,target_only,5000,XGBoost,3,867.6667,5000.0,2000,0.3137,0.0332,88.5209,63.584,0.6896,0.0233
F6,pooled,0,GlobalMean,3,0.0,453419.0,2000,-0.1082,0.0,96.8953,73.8856,0.1455,0.0006
F6,pooled,0,LightGBM,3,0.0,453419.0,2000,-0.0994,0.0184,96.5086,71.7651,5.4377,0.0319
F6,pooled,0,Ridge,3,0.0,453419.0,2000,-0.1071,0.0,96.847,77.3097,11.0299,0.0178
F6,pooled,0,RouteStopMean,3,0.0,453419.0,2000,0.0046,0.0,91.834,67.1864,0.3226,0.015
F6,pooled,0,StopMean,3,0.0,453419.0,2000,0.0046,0.0,91.834,67.1864,0.2371,0.0072
F6,pooled,0,TabPFN,3,0.0,10000.0,2000,-0.0742,0.0155,95.3942,73.7382,3.1728,2.6202
F6,pooled,0,XGBoost,3,0.0,453419.0,2000,-0.2537,0.0513,103.047,81.0096,10.0446,0.0295
F6,pooled,100,GlobalMean,3,14.0,453519.0,2000,-0.1082,0.0,96.8941,73.8843,0.1467,0.0007
F6,pooled,100,LightGBM,3,14.0,453519.0,2000,-0.2447,0.0744,102.6574,80.1799,5.4734,0.0267
F6,pooled,100,Ridge,3,14.0,453519.0,2000,0.0866,0.0226,87.9649,65.9731,11.0741,0.0202
F6,pooled,100,RouteStopMean,3,14.0,453519.0,2000,0.0013,0.0851,91.9309,66.9731,0.3445,0.0112
F6,pooled,100,StopMean,3,14.0,453519.0,2000,-0.0045,0.0185,92.2458,67.5584,0.1939,0.0064
F6,pooled,100,TabPFN,3,14.0,10000.0,2000,0.1262,0.0742,85.9897,63.7269,3.6369,2.621
F6,pooled,100,XGBoost,3,14.0,453519.0,2000,-0.2581,0.0511,103.2279,81.4544,9.9882,0.0194
F6,pooled,500,GlobalMean,3,72.6667,453919.0,2000,-0.108,0.0,96.8848,73.8745,0.1892,0.001
F6,pooled,500,LightGBM,3,72.6667,453919.0,2000,-0.1083,0.0329,96.8918,74.8804,7.7835,0.031
F6,pooled,500,Ridge,3,72.6667,453919.0,2000,0.1081,0.0007,86.928,63.9197,18.1385,0.0249
F6,pooled,500,RouteStopMean,3,72.6667,453919.0,2000,0.084,0.0204,88.0904,63.3889,0.4971,0.0154
F6,pooled,500,StopMean,3,72.6667,453919.0,2000,0.01,0.0017,91.5816,66.7244,0.2799,0.0082
F6,pooled,500,TabPFN,3,72.6667,10000.0,2000,0.2321,0.0234,80.6496,57.2054,2.435,2.8853
F6,pooled,500,XGBoost,3,72.6667,453919.0,2000,-0.1152,0.0163,97.1995,75.2743,10.3252,0.0274
F6,pooled,1000,GlobalMean,3,143.0,454419.0,2000,-0.1077,0.0001,96.8751,73.8643,0.2011,0.0007
F6,pooled,1000,LightGBM,3,143.0,454419.0,2000,-0.0279,0.0173,93.3165,71.6562,7.4064,0.0329
F6,pooled,1000,Ridge,3,143.0,454419.0,2000,0.1046,0.0077,87.0958,64.3902,15.753,0.03
F6,pooled,1000,RouteStopMean,3,143.0,454419.0,2000,0.0897,0.0199,87.8171,63.294,0.4813,0.0199
F6,pooled,1000,StopMean,3,143.0,454419.0,2000,0.0157,0.002,91.3202,66.5069,0.2849,0.0074
F6,pooled,1000,TabPFN,3,143.0,10000.0,2000,0.2556,0.014,79.4116,55.5646,2.3724,2.755
F6,pooled,1000,XGBoost,3,143.0,454419.0,2000,-0.004,0.0372,92.219,70.7634,13.7525,0.0282
F6,pooled,5000,GlobalMean,3,709.0,458419.0,2000,-0.1059,0.0002,96.7945,73.7792,0.2371,0.0011
F6,pooled,5000,LightGBM,3,709.0,458419.0,2000,0.1576,0.0127,84.4758,63.217,7.3777,0.0281
F6,pooled,5000,Ridge,3,709.0,458419.0,2000,0.1149,0.0031,86.5959,63.5028,16.4634,0.0394
F6,pooled,5000,RouteStopMean,3,709.0,458419.0,2000,0.1046,0.004,87.0946,62.9132,0.4967,0.0212
F6,pooled,5000,StopMean,3,709.0,458419.0,2000,0.0302,0.0015,90.6418,65.9518,0.3208,0.0087
F6,pooled,5000,TabPFN,3,709.0,10000.0,2000,0.3303,0.0151,75.32,51.2388,2.2968,2.6874
F6,pooled,5000,XGBoost,3,709.0,458419.0,2000,0.1606,0.0332,84.3162,63.081,12.7846,0.0266
F6,pooled_10k,0,LightGBM,3,0.0,10000.0,2000,-0.1279,0.014,97.7513,73.575,0.8462,0.0276
F6,pooled_10k,0,XGBoost,3,0.0,10000.0,2000,-0.2285,0.0463,102.0087,78.6603,0.8748,0.0256
F6,pooled_10k,100,LightGBM,3,14.0,10000.0,2000,-0.1709,0.0414,99.5868,77.1284,0.7283,0.0251
F6,pooled_10k,100,XGBoost,3,14.0,10000.0,2000,-0.1394,0.1126,98.1677,76.163,0.8769,0.02
F6,pooled_10k,500,LightGBM,3,72.6667,10000.0,2000,0.0763,0.0225,88.4599,67.0282,1.5326,0.033
F6,pooled_10k,500,XGBoost,3,72.6667,10000.0,2000,0.0788,0.024,88.3388,66.4364,3.8878,0.0573
F6,pooled_10k,1000,LightGBM,3,143.0,10000.0,2000,0.1679,0.0127,83.9621,62.4277,1.1762,0.0341
F6,pooled_10k,1000,XGBoost,3,143.0,10000.0,2000,0.1458,0.0174,85.0659,63.3056,1.1682,0.0289
F6,pooled_10k,5000,LightGBM,3,709.0,10000.0,2000,0.2599,0.0072,79.1839,56.1346,1.2067,0.0296
F6,pooled_10k,5000,XGBoost,3,709.0,10000.0,2000,0.2704,0.0116,78.6169,55.8962,1.2698,0.0293
F6,target_only,100,GlobalMean,3,14.0,100.0,2000,-0.0208,0.0241,92.9918,69.5149,0.0011,0.0005
F6,target_only,100,LightGBM,3,14.0,100.0,2000,-0.2202,0.0088,101.6749,76.9136,0.104,0.0279
F6,target_only,100,Ridge,3,14.0,100.0,2000,-0.4988,0.1043,112.6409,86.4766,0.0181,0.0188
F6,target_only,100,RouteStopMean,3,14.0,100.0,2000,0.0012,0.0855,91.9318,66.995,0.0055,0.0116
F6,target_only,100,StopMean,3,14.0,100.0,2000,0.0012,0.0855,91.9318,66.995,0.0032,0.0058
F6,target_only,100,TabPFN,3,14.0,100.0,2000,0.0843,0.0488,88.0565,64.2717,3.0162,1.6862
F6,target_only,100,XGBoost,3,14.0,100.0,2000,-0.0525,0.0182,94.4254,70.3173,0.3884,0.027
F6,target_only,500,GlobalMean,3,72.6667,500.0,2000,-0.0003,0.0005,92.0588,68.1634,0.0018,0.0005
F6,target_only,500,LightGBM,3,72.6667,500.0,2000,0.0346,0.0333,90.4273,66.2993,0.6873,0.0421
F6,target_only,500,Ridge,3,72.6667,500.0,2000,-0.0126,0.0176,92.6182,67.9663,0.0614,0.035
F6,target_only,500,RouteStopMean,3,72.6667,500.0,2000,0.0838,0.0213,88.0975,63.4159,0.0074,0.0144
F6,target_only,500,StopMean,3,72.6667,500.0,2000,0.0838,0.0213,88.0975,63.4159,0.0044,0.0077
F6,target_only,500,TabPFN,3,72.6667,500.0,2000,0.1961,0.0381,82.5127,58.4782,3.0199,1.6184
F6,target_only,500,XGBoost,3,72.6667,500.0,2000,0.0698,0.0097,88.7741,64.7678,0.6084,0.0295
F6,target_only,1000,GlobalMean,3,143.0,1000.0,2000,-0.0046,0.0046,92.2543,68.3707,0.0016,0.0004
F6,target_only,1000,LightGBM,3,143.0,1000.0,2000,0.0636,0.0631,89.0336,65.1087,1.1143,0.0457
F6,target_only,1000,Ridge,3,143.0,1000.0,2000,0.035,0.0367,90.4054,66.3032,0.0476,0.0304
F6,target_only,1000,RouteStopMean,3,143.0,1000.0,2000,0.0891,0.0195,87.8449,63.3396,0.0096,0.0157
F6,target_only,1000,StopMean,3,143.0,1000.0,2000,0.0891,0.0195,87.8449,63.3396,0.0046,0.0078
F6,target_only,1000,TabPFN,3,143.0,1000.0,2000,0.2339,0.0119,80.562,56.5887,3.0187,1.6794
F6,target_only,1000,XGBoost,3,143.0,1000.0,2000,0.0831,0.0506,88.1146,63.5612,0.6662,0.0315
F6,target_only,5000,GlobalMean,3,709.0,5000.0,2000,-0.0004,0.0001,92.0637,68.218,0.0037,0.0007
F6,target_only,5000,LightGBM,3,709.0,5000.0,2000,0.2211,0.0145,81.2337,57.045,1.2526,0.0367
F6,target_only,5000,Ridge,3,709.0,5000.0,2000,0.1722,0.0273,83.7388,60.4512,0.1516,0.0347
F6,target_only,5000,RouteStopMean,3,709.0,5000.0,2000,0.1046,0.004,87.0946,62.9132,0.01,0.0141
F6,target_only,5000,StopMean,3,709.0,5000.0,2000,0.1046,0.004,87.0946,62.9132,0.0063,0.0081
F6,target_only,5000,TabPFN,3,709.0,5000.0,2000,0.3284,0.0085,75.428,51.3986,2.8885,1.9488
F6,target_only,5000,XGBoost,3,709.0,5000.0,2000,0.2203,0.0201,81.273,57.2102,0.9892,0.0631
F7,pooled,0,GlobalMean,3,0.0,484744.0,2000,-0.0694,0.0,115.0543,82.4496,0.198,0.0009
F7,pooled,0,LightGBM,3,0.0,484744.0,2000,0.1048,0.0151,105.266,78.0042,7.786,0.0399
F7,pooled,0,Ridge,3,0.0,484744.0,2000,0.0584,0.0,107.9645,79.3789,16.872,0.0324
F7,pooled,0,RouteStopMean,3,0.0,484744.0,2000,-0.0489,0.0,113.9507,81.8043,0.5049,0.0193
F7,pooled,0,StopMean,3,0.0,484744.0,2000,-0.0489,0.0,113.9507,81.8043,0.2982,0.0092
F7,pooled,0,TabPFN,3,0.0,10000.0,2000,0.0676,0.0302,107.4218,78.3967,3.0421,2.756
F7,pooled,0,XGBoost,3,0.0,484744.0,2000,0.0251,0.0668,109.8137,84.628,13.6393,0.0384
F7,pooled,100,GlobalMean,3,38.3333,484844.0,2000,-0.0693,0.0,115.0525,82.448,0.2087,0.0009
F7,pooled,100,LightGBM,3,38.3333,484844.0,2000,0.0493,0.0282,108.4723,80.6738,7.6823,0.0312
F7,pooled,100,Ridge,3,38.3333,484844.0,2000,0.0809,0.0256,106.6575,78.0272,15.0459,0.0117
F7,pooled,100,RouteStopMean,3,38.3333,484844.0,2000,-0.0566,0.0658,114.328,81.9376,0.4796,0.0165
F7,pooled,100,StopMean,3,38.3333,484844.0,2000,0.0007,0.0152,111.2194,79.4788,0.274,0.0088
F7,pooled,100,TabPFN,3,38.3333,10000.0,2000,0.2002,0.0242,99.4954,71.774,2.4295,2.752
F7,pooled,100,XGBoost,3,38.3333,484844.0,2000,0.0528,0.0431,108.2654,80.5386,13.4244,0.027
F7,pooled,500,GlobalMean,3,182.6667,485244.0,2000,-0.0693,0.0,115.0484,82.4444,0.1554,0.0007
F7,pooled,500,LightGBM,3,182.6667,485244.0,2000,0.1169,0.0221,104.5497,77.1164,5.7725,0.0263
F7,pooled,500,Ridge,3,182.6667,485244.0,2000,0.1028,0.006,105.385,76.8957,12.2148,0.0153
F7,pooled,500,RouteStopMean,3,182.6667,485244.0,2000,-0.0102,0.0321,111.8156,79.5173,0.3485,0.0122
F7,pooled,500,StopMean,3,182.6667,485244.0,2000,0.0053,0.0068,110.9637,79.1894,0.2188,0.0056
F7,pooled,500,TabPFN,3,182.6667,10000.0,2000,0.2914,0.0119,93.6523,67.5848,3.0965,2.7498
F7,pooled,500,XGBoost,3,182.6667,485244.0,2000,0.1037,0.0527,105.3043,77.8113,9.7731,0.0208
F7,pooled,1000,GlobalMean,3,357.6667,485744.0,2000,-0.0691,0.0,115.0423,82.4389,0.1676,0.0009
F7,pooled,1000,LightGBM,3,357.6667,485744.0,2000,0.1571,0.0171,102.1458,75.2595,5.6713,0.0254
F7,pooled,1000,Ridge,3,357.6667,485744.0,2000,0.1039,0.0039,105.3232,76.8736,12.3527,0.0176
F7,pooled,1000,RouteStopMean,3,357.6667,485744.0,2000,0.0109,0.0085,110.6505,79.0359,0.3352,0.0111
F7,pooled,1000,StopMean,3,357.6667,485744.0,2000,0.0069,0.0044,110.8764,79.1136,0.2044,0.006
F7,pooled,1000,TabPFN,3,357.6667,10000.0,2000,0.3321,0.0144,90.925,65.0053,3.7631,2.7479
F7,pooled,1000,XGBoost,3,357.6667,485744.0,2000,0.1705,0.0258,101.3249,75.1864,10.5694,0.0232
F7,pooled,5000,GlobalMean,3,1818.6667,489744.0,2000,-0.0682,0.0,114.9896,82.3917,0.1452,0.0006
F7,pooled,5000,LightGBM,3,1818.6667,489744.0,2000,0.2445,0.0065,96.7073,70.6015,7.5081,0.1049
F7,pooled,5000,Ridge,3,1818.6667,489744.0,2000,0.1128,0.0013,104.7984,76.5044,12.1965,0.0168
F7,pooled,5000,RouteStopMean,3,1818.6667,489744.0,2000,0.0359,0.0022,109.2466,77.8748,0.3634,0.0119
F7,pooled,5000,StopMean,3,1818.6667,489744.0,2000,0.0118,0.0011,110.6007,78.8875,0.2118,0.0058
F7,pooled,5000,TabPFN,3,1818.6667,10000.0,2000,0.371,0.0225,88.2311,62.3763,2.4926,2.6827
F7,pooled,5000,XGBoost,3,1818.6667,489744.0,2000,0.2701,0.008,95.0503,69.3122,11.6512,0.0245
F7,pooled_10k,0,LightGBM,3,0.0,10000.0,2000,-0.0343,0.0781,113.0986,84.8752,1.1482,0.0465
F7,pooled_10k,0,XGBoost,3,0.0,10000.0,2000,-0.0531,0.0822,114.1176,85.8425,1.3542,0.0354
F7,pooled_10k,100,LightGBM,3,38.3333,10000.0,2000,0.0334,0.0344,109.3765,81.0256,0.6664,0.0235
F7,pooled_10k,100,XGBoost,3,38.3333,10000.0,2000,0.0294,0.0582,109.5819,81.7181,0.8158,0.02
F7,pooled_10k,500,LightGBM,3,182.6667,10000.0,2000,0.1788,0.0181,100.821,74.6594,0.7966,0.0269
F7,pooled_10k,500,XGBoost,3,182.6667,10000.0,2000,0.1565,0.0096,102.1816,75.7181,0.92,0.0232
F7,pooled_10k,1000,LightGBM,3,357.6667,10000.0,2000,0.2332,0.0114,97.4232,71.6315,0.8521,0.0283
F7,pooled_10k,1000,XGBoost,3,357.6667,10000.0,2000,0.2176,0.0179,98.4102,72.4831,0.9272,0.0235
F7,pooled_10k,5000,LightGBM,3,1818.6667,10000.0,2000,0.3266,0.0145,91.2985,66.4789,0.8449,0.0259
F7,pooled_10k,5000,XGBoost,3,1818.6667,10000.0,2000,0.318,0.0166,91.877,66.5394,0.9756,0.0251
F7,target_only,100,GlobalMean,3,38.3333,100.0,2000,-0.002,0.003,111.3739,80.4913,0.0013,0.0007
F7,target_only,100,LightGBM,3,38.3333,100.0,2000,-0.0754,0.0995,115.2923,84.4634,0.1502,0.0357
F7,target_only,100,Ridge,3,38.3333,100.0,2000,-0.1495,0.0872,119.2332,89.3707,0.0126,0.0133
F7,target_only,100,RouteStopMean,3,38.3333,100.0,2000,-0.0617,0.0618,114.6066,82.1381,0.0079,0.0156
F7,target_only,100,StopMean,3,38.3333,100.0,2000,-0.0617,0.0618,114.6066,82.1381,0.0033,0.0078
F7,target_only,100,TabPFN,3,38.3333,100.0,2000,0.1252,0.0978,103.9545,75.3257,2.9484,1.6165
F7,target_only,100,XGBoost,3,38.3333,100.0,2000,-0.0466,0.1173,113.7075,82.7515,0.5918,0.0343
F7,target_only,500,GlobalMean,3,182.6667,500.0,2000,-0.0064,0.0095,111.6138,80.0338,0.0011,0.0004
F7,target_only,500,LightGBM,3,182.6667,500.0,2000,0.0099,0.0593,110.6727,82.6605,0.4689,0.0318
F7,target_only,500,Ridge,3,182.6667,500.0,2000,0.0686,0.0607,107.3391,80.2337,0.0349,0.0184
F7,target_only,500,RouteStopMean,3,182.6667,500.0,2000,-0.0102,0.0321,111.8156,79.5173,0.0079,0.014
F7,target_only,500,StopMean,3,182.6667,500.0,2000,-0.0102,0.0321,111.8156,79.5173,0.0027,0.0053
F7,target_only,500,TabPFN,3,182.6667,500.0,2000,0.2686,0.0155,95.1462,68.9662,29.4059,1.6801
F7,target_only,500,XGBoost,3,182.6667,500.0,2000,0.1001,0.0456,105.5207,78.4689,0.5419,0.024
F7,target_only,1000,GlobalMean,3,357.6667,1000.0,2000,-0.0044,0.0051,111.5021,79.943,0.0014,0.0005
F7,target_only,1000,LightGBM,3,357.6667,1000.0,2000,0.1043,0.0089,105.2987,78.1293,0.7996,0.0351
F7,target_only,1000,Ridge,3,357.6667,1000.0,2000,0.1409,0.0329,103.1134,77.1834,0.0325,0.0209
F7,target_only,1000,RouteStopMean,3,357.6667,1000.0,2000,0.0109,0.0085,110.6505,79.0359,0.0054,0.0104
F7,target_only,1000,StopMean,3,357.6667,1000.0,2000,0.0109,0.0085,110.6505,79.0359,0.0032,0.0054
F7,target_only,1000,TabPFN,3,357.6667,1000.0,2000,0.3226,0.0143,91.5693,65.6464,2.4136,1.6166
F7,target_only,1000,XGBoost,3,357.6667,1000.0,2000,0.1393,0.0158,103.215,75.6444,0.55,0.0243
F7,target_only,5000,GlobalMean,3,1818.6667,5000.0,2000,-0.0015,0.0003,111.3447,79.9122,0.0024,0.0004
F7,target_only,5000,LightGBM,3,1818.6667,5000.0,2000,0.2993,0.0058,93.1356,67.6996,3.1647,0.029
F7,target_only,5000,Ridge,3,1818.6667,5000.0,2000,0.2329,0.0067,97.4489,72.628,0.0964,0.0212
F7,target_only,5000,RouteStopMean,3,1818.6667,5000.0,2000,0.0359,0.0022,109.2466,77.8748,0.0082,0.0106
F7,target_only,5000,StopMean,3,1818.6667,5000.0,2000,0.0359,0.0022,109.2466,77.8748,0.0055,0.0064
F7,target_only,5000,TabPFN,3,1818.6667,5000.0,2000,0.373,0.0226,88.0874,62.4338,2.3537,1.9482
F7,target_only,5000,XGBoost,3,1818.6667,5000.0,2000,0.2821,0.0054,94.2665,68.0146,0.8817,0.0229
F8,pooled,0,GlobalMean,3,0.0,449451.0,2000,-0.1045,0.0,119.9018,90.2346,0.1359,0.0005
F8,pooled,0,LightGBM,3,0.0,449451.0,2000,-0.3577,0.0742,132.9054,99.1599,5.3609,0.0333
F8,pooled,0,Ridge,3,0.0,449451.0,2000,-0.0766,0.0,118.3808,89.4699,11.5483,0.019
F8,pooled,0,RouteStopMean,3,0.0,449451.0,2000,-0.0781,0.0,118.463,89.4039,0.3194,0.0114
F8,pooled,0,StopMean,3,0.0,449451.0,2000,-0.0781,0.0,118.463,89.4039,0.1931,0.006
F8,pooled,0,TabPFN,3,0.0,10000.0,2000,-0.031,0.0358,115.8324,87.945,3.0919,2.8156
F8,pooled,0,XGBoost,3,0.0,449451.0,2000,-0.2042,0.0309,125.1934,94.9276,10.0282,0.0297
F8,pooled,100,GlobalMean,3,11.3333,449551.0,2000,-0.1044,0.0,119.9002,90.2341,0.1492,0.0008
F8,pooled,100,LightGBM,3,11.3333,449551.0,2000,-0.1218,0.0186,120.8371,92.3975,5.6769,0.0276
F8,pooled,100,Ridge,3,11.3333,449551.0,2000,-0.0055,0.0317,114.3968,89.415,11.4434,0.0184
F8,pooled,100,RouteStopMean,3,11.3333,449551.0,2000,-0.0631,0.0699,117.5921,91.0159,0.3339,0.0103
F8,pooled,100,StopMean,3,11.3333,449551.0,2000,-0.0367,0.0264,116.1565,89.572,0.2136,0.0079
F8,pooled,100,TabPFN,3,11.3333,10000.0,2000,0.133,0.0206,106.2292,80.95,2.3695,2.6149
F8,pooled,100,XGBoost,3,11.3333,449551.0,2000,-0.0925,0.0255,119.2429,92.0634,9.799,0.02
F8,pooled,500,GlobalMean,3,52.0,449951.0,2000,-0.1042,0.0001,119.8899,90.231,0.1393,0.0006
F8,pooled,500,LightGBM,3,52.0,449951.0,2000,0.0075,0.0262,113.657,88.7442,5.3887,0.0253
F8,pooled,500,Ridge,3,52.0,449951.0,2000,0.0179,0.0029,113.0623,89.9643,11.9716,0.0198
F8,pooled,500,RouteStopMean,3,52.0,449951.0,2000,0.002,0.0024,113.9738,90.217,0.3084,0.012
F8,pooled,500,StopMean,3,52.0,449951.0,2000,-0.0168,0.001,115.0442,90.3745,0.1945,0.0051
F8,pooled,500,TabPFN,3,52.0,10000.0,2000,0.1733,0.0075,103.7334,78.5106,3.0331,2.8841
F8,pooled,500,XGBoost,3,52.0,449951.0,2000,0.0547,0.0199,110.9226,87.2768,10.7326,0.0195
F8,pooled,1000,GlobalMean,3,103.3333,450451.0,2000,-0.1041,0.0,119.8802,90.2281,0.1434,0.0007
F8,pooled,1000,LightGBM,3,103.3333,450451.0,2000,0.0984,0.0276,108.3211,84.0518,5.5118,0.0246
F8,pooled,1000,Ridge,3,103.3333,450451.0,2000,0.0232,0.0017,112.7575,89.5735,11.7454,0.0209
F8,pooled,1000,RouteStopMean,3,103.3333,450451.0,2000,0.01,0.0059,113.5212,89.6558,0.2844,0.0133
F8,pooled,1000,StopMean,3,103.3333,450451.0,2000,-0.0151,0.0014,114.9463,90.1869,0.1989,0.0065
F8,pooled,1000,TabPFN,3,103.3333,10000.0,2000,0.2651,0.0371,97.7821,72.7961,2.3759,2.6912
F8,pooled,1000,XGBoost,3,103.3333,450451.0,2000,0.1466,0.0279,105.3856,82.5897,9.7959,0.0227
F8,pooled,5000,GlobalMean,3,539.6667,454451.0,2000,-0.1027,0.0003,119.8037,90.2051,0.1393,0.0006
F8,pooled,5000,LightGBM,3,539.6667,454451.0,2000,0.2538,0.0143,98.5528,75.3033,6.2851,0.0277
F8,pooled,5000,Ridge,3,539.6667,454451.0,2000,0.0333,0.003,112.1772,88.7994,11.912,0.0196
F8,pooled,5000,RouteStopMean,3,539.6667,454451.0,2000,0.017,0.0056,113.1148,89.153,0.3678,0.0136
F8,pooled,5000,StopMean,3,539.6667,454451.0,2000,-0.0146,0.0023,114.9222,89.9974,0.1935,0.0064
F8,pooled,5000,TabPFN,3,539.6667,10000.0,2000,0.3504,0.0077,91.9563,67.54,3.0959,2.6193
F8,pooled,5000,XGBoost,3,539.6667,454451.0,2000,0.2637,0.0161,97.8952,75.3215,9.9421,0.0249
F8,pooled_10k,0,LightGBM,3,0.0,10000.0,2000,-0.4642,0.0555,138.0371,103.6452,0.8887,0.0282
F8,pooled_10k,0,XGBoost,3,0.0,10000.0,2000,-0.3277,0.0252,131.4585,100.5068,0.8533,0.0262
F8,pooled_10k,100,LightGBM,3,11.3333,10000.0,2000,-0.0699,0.0394,117.9993,90.6198,2.4113,0.0276
F8,pooled_10k,100,XGBoost,3,11.3333,10000.0,2000,-0.0679,0.0405,117.8854,90.8291,0.8511,0.0239
F8,pooled_10k,500,LightGBM,3,52.0,10000.0,2000,0.0633,0.0281,110.4123,85.4894,0.8125,0.0264
F8,pooled_10k,500,XGBoost,3,52.0,10000.0,2000,0.0484,0.0213,111.2884,86.5328,0.9019,0.0223
F8,pooled_10k,1000,LightGBM,3,103.3333,10000.0,2000,0.1355,0.0098,106.0814,81.4078,0.7468,0.027
F8,pooled_10k,1000,XGBoost,3,103.3333,10000.0,2000,0.1325,0.0235,106.2594,81.922,0.8719,0.023
F8,pooled_10k,5000,LightGBM,3,539.6667,10000.0,2000,0.2985,0.0068,95.5576,71.4413,0.9471,0.0256
F8,pooled_10k,5000,XGBoost,3,539.6667,10000.0,2000,0.292,0.0073,95.9956,72.156,0.8911,0.0233
F8,target_only,100,GlobalMean,3,11.3333,100.0,2000,-0.0161,0.0158,115.0033,89.7487,0.0012,0.0004
F8,target_only,100,LightGBM,3,11.3333,100.0,2000,-0.3657,0.3661,132.5645,104.8027,0.14,0.0322
F8,target_only,100,Ridge,3,11.3333,100.0,2000,-1.1909,0.7037,167.3424,130.6485,0.0185,0.02
F8,target_only,100,RouteStopMean,3,11.3333,100.0,2000,-0.061,0.0732,117.4737,91.0371,0.0052,0.0111
F8,target_only,100,StopMean,3,11.3333,100.0,2000,-0.061,0.0732,117.4737,91.0371,0.0024,0.0052
F8,target_only,100,TabPFN,3,11.3333,100.0,2000,-0.0194,0.0514,115.1662,89.9908,2.8829,1.6155
F8,target_only,100,XGBoost,3,11.3333,100.0,2000,-0.3196,0.3132,130.4751,100.1108,0.4102,0.0261
F8,target_only,500,GlobalMean,3,52.0,500.0,2000,-0.004,0.0025,114.3186,90.7864,0.0016,0.0005
F8,target_only,500,LightGBM,3,52.0,500.0,2000,-0.2148,0.2201,125.4006,96.3088,0.441,0.0329
F8,target_only,500,Ridge,3,52.0,500.0,2000,-0.4715,0.1933,138.2066,109.7248,0.0312,0.0235
F8,target_only,500,RouteStopMean,3,52.0,500.0,2000,0.0011,0.0032,114.0253,90.2141,0.0061,0.0106
F8,target_only,500,StopMean,3,52.0,500.0,2000,0.0011,0.0032,114.0253,90.2141,0.0036,0.005
F8,target_only,500,TabPFN,3,52.0,500.0,2000,0.1185,0.0301,107.1087,83.554,3.1523,1.6179
F8,target_only,500,XGBoost,3,52.0,500.0,2000,-0.1712,0.1482,123.3001,94.5959,0.4843,0.0267
F8,target_only,1000,GlobalMean,3,103.3333,1000.0,2000,-0.0022,0.0017,114.2156,90.2751,0.0012,0.0004
F8,target_only,1000,LightGBM,3,103.3333,1000.0,2000,-0.0038,0.0924,114.2309,87.8102,0.7291,0.0362
F8,target_only,1000,Ridge,3,103.3333,1000.0,2000,-0.0882,0.0374,119.0046,94.2618,0.0393,0.0219
F8,target_only,1000,RouteStopMean,3,103.3333,1000.0,2000,0.0096,0.0062,113.5442,89.6558,0.0065,0.0101
F8,target_only,1000,StopMean,3,103.3333,1000.0,2000,0.0096,0.0062,113.5442,89.6558,0.0037,0.0063
F8,target_only,1000,TabPFN,3,103.3333,1000.0,2000,0.2361,0.0217,99.7106,76.1806,3.619,1.7549
F8,target_only,1000,XGBoost,3,103.3333,1000.0,2000,0.0284,0.1176,112.3282,85.6417,0.5324,0.0265
F8,target_only,5000,GlobalMean,3,539.6667,5000.0,2000,-0.0056,0.0046,114.4103,90.0452,0.0023,0.0003
F8,target_only,5000,LightGBM,3,539.6667,5000.0,2000,0.2481,0.0135,98.9295,74.3623,1.0106,0.029
F8,target_only,5000,Ridge,3,539.6667,5000.0,2000,0.0784,0.0127,109.5266,86.3217,0.0846,0.0201
F8,target_only,5000,RouteStopMean,3,539.6667,5000.0,2000,0.017,0.0056,113.1148,89.153,0.008,0.0104
F8,target_only,5000,StopMean,3,539.6667,5000.0,2000,0.017,0.0056,113.1148,89.153,0.0053,0.006
F8,target_only,5000,TabPFN,3,539.6667,5000.0,2000,0.3484,0.0069,92.093,67.7321,2.3546,2.0144
F8,target_only,5000,XGBoost,3,539.6667,5000.0,2000,0.2324,0.0297,99.948,75.1822,0.6553,0.0254
F9,pooled,0,GlobalMean,3,0.0,475332.0,2000,-0.0028,0.0,121.8314,88.269,0.1277,0.0005
F9,pooled,0,LightGBM,3,0.0,475332.0,2000,-0.8509,0.0797,165.4922,127.7839,5.6217,0.0322
F9,pooled,0,Ridge,3,0.0,475332.0,2000,-0.0051,0.0,121.9717,87.1028,11.7904,0.022
F9,pooled,0,RouteStopMean,3,0.0,475332.0,2000,-0.0084,0.0,122.1748,88.3153,0.3307,0.0114
F9,pooled,0,StopMean,3,0.0,475332.0,2000,-0.0084,0.0,122.1748,88.3153,0.2143,0.0051
F9,pooled,0,TabPFN,3,0.0,10000.0,2000,-0.0637,0.0267,125.4702,89.9028,4.4379,2.6909
F9,pooled,0,XGBoost,3,0.0,475332.0,2000,-0.7832,0.127,162.3983,123.2809,10.8124,0.0344
F9,pooled,100,GlobalMean,3,38.3333,475432.0,2000,-0.0028,0.0,121.8312,88.2691,0.1092,0.0005
F9,pooled,100,LightGBM,3,38.3333,475432.0,2000,0.0303,0.0204,119.7987,87.8401,4.4294,0.0196
F9,pooled,100,Ridge,3,38.3333,475432.0,2000,0.0363,0.0152,119.4297,87.6986,8.7762,0.0142
F9,pooled,100,RouteStopMean,3,38.3333,475432.0,2000,-0.0063,0.0385,122.0331,88.9911,0.2038,0.0065
F9,pooled,100,StopMean,3,38.3333,475432.0,2000,0.0018,0.0068,121.5536,89.6603,0.1338,0.0026
F9,pooled,100,TabPFN,3,38.3333,10000.0,2000,0.0759,0.0395,116.9362,84.2505,3.2375,2.7485
F9,pooled,100,XGBoost,3,38.3333,475432.0,2000,0.0033,0.0151,121.4593,89.3129,10.712,0.0189
F9,pooled,500,GlobalMean,3,183.3333,475832.0,2000,-0.0028,0.0,121.8311,88.2692,0.0898,0.0005
F9,pooled,500,LightGBM,3,183.3333,475832.0,2000,0.0655,0.0178,117.6076,85.7445,4.4255,0.0218
F9,pooled,500,Ridge,3,183.3333,475832.0,2000,0.0671,0.0039,117.5092,85.0928,8.1054,0.0106
F9,pooled,500,RouteStopMean,3,183.3333,475832.0,2000,0.0383,0.0144,119.3099,86.0589,0.2065,0.0083
F9,pooled,500,StopMean,3,183.3333,475832.0,2000,0.0146,0.0023,120.7705,88.4538,0.1184,0.0027
F9,pooled,500,TabPFN,3,183.3333,10000.0,2000,0.1633,0.0244,111.2754,80.0304,3.1051,2.7562
F9,pooled,500,XGBoost,3,183.3333,475832.0,2000,0.0771,0.0106,116.8745,84.9291,8.7949,0.0197
F9,pooled,1000,GlobalMean,3,369.3333,476332.0,2000,-0.0028,0.0,121.8309,88.2694,0.0922,0.0004
F9,pooled,1000,LightGBM,3,369.3333,476332.0,2000,0.0887,0.0183,116.1376,84.4708,5.8997,0.0212
F9,pooled,1000,Ridge,3,369.3333,476332.0,2000,0.0701,0.0021,117.323,84.7714,8.4596,0.0123
F9,pooled,1000,RouteStopMean,3,369.3333,476332.0,2000,0.0457,0.0082,118.8475,85.7581,0.2314,0.0069
F9,pooled,1000,StopMean,3,369.3333,476332.0,2000,0.0187,0.0017,120.5182,88.5421,0.1835,0.0037
F9,pooled,1000,TabPFN,3,369.3333,10000.0,2000,0.2091,0.0079,108.2001,78.0087,3.7044,3.0836
F9,pooled,1000,XGBoost,3,369.3333,476332.0,2000,0.1149,0.0132,114.4584,82.9007,9.0779,0.0199
F9,pooled,5000,GlobalMean,3,1778.6667,480332.0,2000,-0.0027,0.0,121.829,88.2711,0.095,0.0006
F9,pooled,5000,LightGBM,3,1778.6667,480332.0,2000,0.1607,0.0089,111.4565,80.8437,4.4889,0.0213
F9,pooled,5000,Ridge,3,1778.6667,480332.0,2000,0.0766,0.0006,116.913,84.4617,7.3652,0.011
F9,pooled,5000,RouteStopMean,3,1778.6667,480332.0,2000,0.0566,0.0006,118.1712,85.4353,0.2178,0.0071
F9,pooled,5000,StopMean,3,1778.6667,480332.0,2000,0.0285,0.0008,119.919,88.0043,0.1431,0.0035
F9,pooled,5000,TabPFN,3,1778.6667,10000.0,2000,0.3201,0.0201,100.3134,71.7322,3.1664,2.685
F9,pooled,5000,XGBoost,3,1778.6667,480332.0,2000,0.1762,0.0024,110.4255,79.7844,9.7215,0.0181
F9,pooled_10k,0,LightGBM,3,0.0,10000.0,2000,-0.7626,0.1496,161.4264,121.9765,0.8734,0.027
F9,pooled_10k,0,XGBoost,3,0.0,10000.0,2000,-0.6126,0.1482,154.3925,114.9911,0.9022,0.0261
F9,pooled_10k,100,LightGBM,3,38.3333,10000.0,2000,0.0015,0.0112,121.5714,90.5227,0.7442,0.0215
F9,pooled_10k,100,XGBoost,3,38.3333,10000.0,2000,-0.0174,0.0258,122.7072,91.6689,0.839,0.0198
F9,pooled_10k,500,LightGBM,3,183.3333,10000.0,2000,0.114,0.0119,114.5189,83.6163,0.6338,0.0205
F9,pooled_10k,500,XGBoost,3,183.3333,10000.0,2000,0.1046,0.0113,115.1251,84.6373,0.693,0.0182
F9,pooled_10k,1000,LightGBM,3,369.3333,10000.0,2000,0.1436,0.0147,112.5845,82.2126,0.6483,0.0211
F9,pooled_10k,1000,XGBoost,3,369.3333,10000.0,2000,0.1381,0.0293,112.9382,82.9302,0.6648,0.0185
F9,pooled_10k,5000,LightGBM,3,1778.6667,10000.0,2000,0.237,0.0174,106.2706,77.0898,0.6066,0.0218
F9,pooled_10k,5000,XGBoost,3,1778.6667,10000.0,2000,0.2367,0.0107,106.2902,77.128,0.6803,0.0186
F9,target_only,100,GlobalMean,3,38.3333,100.0,2000,-0.0159,0.0252,122.621,90.4148,0.0009,0.0003
F9,target_only,100,LightGBM,3,38.3333,100.0,2000,-0.2651,0.1505,136.6817,102.8971,0.0908,0.0227
F9,target_only,100,Ridge,3,38.3333,100.0,2000,-0.3997,0.2491,143.5631,108.9333,0.011,0.0117
F9,target_only,100,RouteStopMean,3,38.3333,100.0,2000,-0.0043,0.0396,121.9086,88.9921,0.0049,0.0088
F9,target_only,100,StopMean,3,38.3333,100.0,2000,-0.0043,0.0396,121.9086,88.9921,0.0015,0.004
F9,target_only,100,TabPFN,3,38.3333,100.0,2000,0.0041,0.0178,121.4125,88.7904,3.1521,1.6237
F9,target_only,100,XGBoost,3,38.3333,100.0,2000,-0.3035,0.3591,138.0761,101.2093,0.377,0.0215
F9,target_only,500,GlobalMean,3,183.3333,500.0,2000,-0.0008,0.0009,121.7113,88.6678,0.0005,0.0002
F9,target_only,500,LightGBM,3,183.3333,500.0,2000,-0.0144,0.0255,122.5264,90.9951,0.4038,0.0268
F9,target_only,500,Ridge,3,183.3333,500.0,2000,0.0112,0.0511,120.9501,89.1919,0.0173,0.0133
F9,target_only,500,RouteStopMean,3,183.3333,500.0,2000,0.04,0.0139,119.2042,86.0455,0.0034,0.0053
F9,target_only,500,StopMean,3,183.3333,500.0,2000,0.04,0.0139,119.2042,86.0455,0.0024,0.0032
F9,target_only,500,TabPFN,3,183.3333,500.0,2000,0.1385,0.0273,112.9165,81.1691,3.0152,1.6853
F9,target_only,500,XGBoost,3,183.3333,500.0,2000,0.0458,0.0173,118.8413,87.4327,0.414,0.0204
F9,target_only,1000,GlobalMean,3,369.3333,1000.0,2000,-0.0026,0.0008,121.8222,88.7163,0.001,0.0003
F9,target_only,1000,LightGBM,3,369.3333,1000.0,2000,0.0653,0.0208,117.6173,86.7929,0.6365,0.0296
F9,target_only,1000,Ridge,3,369.3333,1000.0,2000,0.0848,0.0136,116.387,85.6674,0.0177,0.0115
F9,target_only,1000,RouteStopMean,3,369.3333,1000.0,2000,0.0465,0.009,118.7966,85.7477,0.0049,0.0081
F9,target_only,1000,StopMean,3,369.3333,1000.0,2000,0.0465,0.009,118.7966,85.7477,0.0019,0.0029
F9,target_only,1000,TabPFN,3,369.3333,1000.0,2000,0.1865,0.0048,109.7326,79.0426,3.0885,1.6826
F9,target_only,1000,XGBoost,3,369.3333,1000.0,2000,0.0909,0.0104,115.9974,85.268,0.4113,0.0194
F9,target_only,5000,GlobalMean,3,1778.6667,5000.0,2000,-0.0004,0.0006,121.687,88.5582,0.0017,0.0003
F9,target_only,5000,LightGBM,3,1778.6667,5000.0,2000,0.2171,0.0282,107.6362,78.1299,0.6177,0.0236
F9,target_only,5000,Ridge,3,1778.6667,5000.0,2000,0.1347,0.0049,113.1697,82.3446,0.0515,0.0099
F9,target_only,5000,RouteStopMean,3,1778.6667,5000.0,2000,0.0566,0.0006,118.1712,85.4353,0.007,0.0087
F9,target_only,5000,StopMean,3,1778.6667,5000.0,2000,0.0566,0.0006,118.1712,85.4353,0.003,0.0039
F9,target_only,5000,TabPFN,3,1778.6667,5000.0,2000,0.314,0.025,100.7553,71.8605,3.6905,2.0828
F9,target_only,5000,XGBoost,3,1778.6667,5000.0,2000,0.2265,0.0231,106.9957,77.4019,0.5998,0.0182
