route,condition,k,model,random_seed,n_target_rows,n_target_trips,n_train_rows,n_test_rows,MAE,RMSE,R2,training_time,prediction_time
F1,pooled,0,XGBoost,0,0,0,350795,2000,140.5798575808704,164.9024158820867,-1.004448786336651,6.1694165999942925,0.029005699994741008
F1,pooled,0,LightGBM,0,0,0,350795,2000,125.0525189113315,148.20111911021854,-0.618988985993179,3.811987199995201,0.028319599994574673
F1,pooled,0,GlobalMean,0,0,0,350795,2000,155.50431396542137,177.21452156970213,-1.3149389444347723,0.0622226999985287,0.0006252000021049753
F1,pooled,0,StopMean,0,0,0,350795,2000,155.50431396542137,177.21452156970213,-1.3149389444347723,0.11299449999933131,0.006980600010138005
F1,pooled,0,RouteStopMean,0,0,0,350795,2000,155.50431396542137,177.21452156970213,-1.3149389444347723,0.22670150001067668,0.013807099996483885
F1,pooled,0,Ridge,0,0,0,350795,2000,181.93610642760558,205.64739778891172,-2.117362916476139,4.460758200002601,0.013571800009231083
F1,pooled_10k,0,XGBoost,0,0,0,10000,2000,128.2101252990514,156.20311662529784,-0.7985408968577521,0.7144286999973701,0.02497399999992922
F1,pooled_10k,0,LightGBM,0,0,0,10000,2000,116.63708220471474,138.880627606621,-0.42175337814892755,0.6595156999974279,0.027297699998598546
F1,pooled,100,XGBoost,0,100,100,350895,2000,79.60599011397548,102.537958973856,0.22498472001672998,6.273252300001332,0.02349839999806136
F1,target_only,100,XGBoost,0,100,100,100,2000,83.71924736763538,109.54883643477753,0.11538058616124769,0.29342929999984335,0.024998400011099875
F1,pooled,100,LightGBM,0,100,100,350895,2000,83.13890304247239,105.10490744762541,0.18569534733492243,3.7707640000007814,0.022166199996718206
F1,target_only,100,LightGBM,0,100,100,100,2000,87.20902903429698,113.45195090025132,0.05122143459510975,0.07786299999861512,0.022318999996059574
F1,pooled,100,GlobalMean,0,100,100,350895,2000,155.47241812365522,177.18159370728802,-1.3140787563566425,0.1054872999957297,0.0005761999927926809
F1,target_only,100,GlobalMean,0,100,100,100,2000,90.35347,118.13749205904111,-0.028765571824865388,0.000872799995704554,0.00028229999588802457
F1,pooled,100,StopMean,0,100,100,350895,2000,81.44723333333334,107.83647580400225,0.14281946485454033,0.10439199999382254,0.0035319000016897917
F1,target_only,100,StopMean,0,100,100,100,2000,81.44723333333334,107.83647580400225,0.14281946485454033,0.0012129000097047538,0.0020663000032072887
F1,pooled,100,RouteStopMean,0,100,100,350895,2000,81.44723333333334,107.83647580400225,0.14281946485454033,0.14467460000014398,0.007612800007336773
F1,target_only,100,RouteStopMean,0,100,100,100,2000,81.44723333333334,107.83647580400225,0.14281946485454033,0.0021640000049956143,0.0050349999946774915
F1,pooled,100,Ridge,0,100,100,350895,2000,81.26712762439077,105.42767854617242,0.18068630279626174,4.213347600001725,0.01204180000058841
F1,target_only,100,Ridge,0,100,100,100,2000,384.47661139839846,484.5919466989033,-16.30985033378288,0.024574900002335198,0.012726799992378801
F1,pooled_10k,100,XGBoost,0,100,100,10000,2000,82.4863045124635,107.15212924922297,0.1536645372383728,0.7937329999986105,0.021576200000708923
F1,pooled_10k,100,LightGBM,0,100,100,10000,2000,80.77365139362188,106.05455413382407,0.1709140167187143,0.6518612000072608,0.021598600011202507
F1,pooled,500,XGBoost,0,500,500,351295,2000,74.1250370997861,97.38021381652793,0.30099163084257274,5.933585899998434,0.02330650000658352
F1,target_only,500,XGBoost,0,500,500,500,2000,78.5503278594613,104.41917747564771,0.19628612894483677,0.4914426000032108,0.02554049999162089
F1,pooled,500,LightGBM,0,500,500,351295,2000,77.24755628665403,98.82025138277073,0.2801652031700257,4.577327300008619,0.022200699997483753
F1,target_only,500,LightGBM,0,500,500,500,2000,81.27149628856601,106.75997341848912,0.15984804572686195,0.33821750000061,0.030555499994079582
F1,pooled,500,GlobalMean,0,500,500,351295,2000,155.3615467840419,177.06655189099095,-1.3110747265102298,0.06899200000043493,0.00028789999487344176
F1,target_only,500,GlobalMean,0,500,500,500,2000,91.16913399999999,116.55807679436033,-0.0014417056854767463,0.0007178000087151304,0.00023430000874213874
F1,pooled,500,StopMean,0,500,500,351295,2000,83.24633930877866,107.17398422836595,0.15331926122148154,0.09590479999314994,0.0032272999960696325
F1,target_only,500,StopMean,0,500,500,500,2000,83.24633930877866,107.17398422836595,0.15331926122148154,0.0011817999911727384,0.003300099997431971
F1,pooled,500,RouteStopMean,0,500,500,351295,2000,83.24633930877866,107.17398422836595,0.15331926122148154,0.14044770000327844,0.006642100008320995
F1,target_only,500,RouteStopMean,0,500,500,500,2000,83.24633930877866,107.17398422836595,0.15331926122148154,0.0027842999988934025,0.00656870000238996
F1,pooled,500,Ridge,0,500,500,351295,2000,79.73369629472565,103.03914927289968,0.21738988512391977,5.858824700000696,0.011948799990932457
F1,target_only,500,Ridge,0,500,500,500,2000,170.62714568103786,208.2319284365641,-2.1962119451709214,0.023622599997906946,0.025372200005222112
F1,pooled_10k,500,XGBoost,0,500,500,10000,2000,76.57083834534139,99.2099200142127,0.2744770964297325,0.8501200000027893,0.021567300005699508
F1,pooled_10k,500,LightGBM,0,500,500,10000,2000,74.92987904059832,98.1811839648677,0.2894453958750698,0.8704443000024185,0.021596999999019317
F1,pooled,1000,XGBoost,0,1000,1000,351795,2000,72.45836248431355,95.70226483226172,0.32487318277782196,6.866083400003845,0.026133200008189306
F1,target_only,1000,XGBoost,0,1000,1000,1000,2000,75.24005987392832,98.32261391323964,0.2873968143143336,0.43671639999956824,0.024101499991957098
F1,pooled,1000,LightGBM,0,1000,1000,351795,2000,73.77642131576687,96.56692589162554,0.31261865651355614,4.244049800006906,0.022368099991581403
F1,target_only,1000,LightGBM,0,1000,1000,1000,2000,76.39601457375822,100.05685599406162,0.26203692384684296,0.6838418999977876,0.03231179999420419
F1,pooled,1000,GlobalMean,0,1000,1000,351795,2000,155.20620170127486,176.90544403985126,-1.3068710766201042,0.07536990000517108,0.0004729000065708533
F1,target_only,1000,GlobalMean,0,1000,1000,1000,2000,90.64436,116.97410983632233,-0.008603395352072996,0.0007254999945871532,0.0002562000008765608
F1,pooled,1000,StopMean,0,1000,1000,351795,2000,81.95500805881362,106.77353872773391,0.15963452665647582,0.10846230000606738,0.0035195999953430146
F1,target_only,1000,StopMean,0,1000,1000,1000,2000,81.95500805881362,106.77353872773391,0.15963452665647582,0.0017396000039298087,0.0034011999960057437
F1,pooled,1000,RouteStopMean,0,1000,1000,351795,2000,81.95500805881362,106.77353872773391,0.15963452665647582,0.13443970000662375,0.004803999996511266
F1,target_only,1000,RouteStopMean,0,1000,1000,1000,2000,81.95500805881362,106.77353872773391,0.15963452665647582,0.0037453000113600865,0.005740799999330193
F1,pooled,1000,Ridge,0,1000,1000,351795,2000,77.76557706661109,102.33128499059,0.22810578996850506,5.838786899999832,0.014554299996234477
F1,target_only,1000,Ridge,0,1000,1000,1000,2000,94.14484509618129,115.43913686479345,0.017693382538293,0.014872100000502542,0.007658699993044138
F1,pooled_10k,1000,XGBoost,0,1000,1000,10000,2000,73.22421861767769,96.25852430615262,0.31700216532655656,1.4410757000005106,0.025789099992834963
F1,pooled_10k,1000,LightGBM,0,1000,1000,10000,2000,71.46136727781102,94.73228598740724,0.33848916376470084,2.141277999995509,0.031056300009367988
F1,pooled,5000,XGBoost,0,5000,5000,355795,2000,69.67436655253545,93.17553213927422,0.36005199211361905,6.681026299993391,0.022870500004501082
F1,target_only,5000,XGBoost,0,5000,5000,5000,2000,71.6836781796962,93.7598873516326,0.3519998867870291,0.5441527000075439,0.02341159999195952
F1,pooled,5000,LightGBM,0,5000,5000,355795,2000,72.55867213496882,94.57758925520527,0.3406478789028322,4.059705300009227,0.021867400006158277
F1,target_only,5000,LightGBM,0,5000,5000,5000,2000,70.34827338639495,92.13168433133563,0.3743103806201381,0.6097694999916712,0.023193600005470216
F1,pooled,5000,GlobalMean,0,5000,5000,355795,2000,154.2202491673576,175.88479822280573,-1.2803291433739212,0.08698409999487922,0.0011363999947207049
F1,target_only,5000,GlobalMean,0,5000,5000,5000,2000,92.9071662,116.72518644851246,-0.004315303932828973,0.0021463000011863187,0.0004757999995490536
F1,pooled,5000,StopMean,0,5000,5000,355795,2000,83.72603973320771,106.08657480468432,0.17041329522953663,0.088232699999935,0.002578999992692843
F1,target_only,5000,StopMean,0,5000,5000,5000,2000,83.72603973320771,106.08657480468432,0.17041329522953663,0.00228169999900274,0.002452200002153404
F1,pooled,5000,RouteStopMean,0,5000,5000,355795,2000,83.72603973320771,106.08657480468432,0.17041329522953663,0.17439120000926778,0.007105899989255704
F1,target_only,5000,RouteStopMean,0,5000,5000,5000,2000,83.72603973320771,106.08657480468432,0.17041329522953663,0.0036297000042395666,0.004785400000400841
F1,pooled,5000,Ridge,0,5000,5000,355795,2000,77.14433203593755,99.27700496435303,0.2734955791883136,4.076546500000404,0.009628899992094375
F1,target_only,5000,Ridge,0,5000,5000,5000,2000,86.55688556478803,116.80710879308029,-0.005725534905471896,0.04114609998941887,0.007592599999043159
F1,pooled_10k,5000,XGBoost,0,5000,5000,10000,2000,70.33455677613243,92.1121983902046,0.37457502056137193,0.7645538999931887,0.023416000010911375
F1,pooled_10k,5000,LightGBM,0,5000,5000,10000,2000,68.84064146112057,91.13326118696695,0.38779798969503687,0.6732470999995712,0.022926000005099922
F2,pooled,0,XGBoost,0,0,0,361094,2000,88.36772421038151,110.59878696652517,-0.18875593857023798,7.692837499998859,0.03570729999046307
F2,pooled,0,LightGBM,0,0,0,361094,2000,75.3837923765337,101.53741523327889,-0.0019456854417045921,4.086733499992988,0.028207000010297634
F2,pooled,0,GlobalMean,0,0,0,361094,2000,93.98330883648025,113.99582078899344,-0.26290252610695464,0.13211549998959526,0.0005892999906791374
F2,pooled,0,StopMean,0,0,0,361094,2000,84.27493297518548,106.01125142114206,-0.09218421252088294,0.1775532000028761,0.003995899998699315
F2,pooled,0,RouteStopMean,0,0,0,361094,2000,84.27493297518548,106.01125142114206,-0.09218421252088294,0.23397899999690708,0.015039500009152107
F2,pooled,0,Ridge,0,0,0,361094,2000,86.64053897263625,107.52075513317472,-0.12350907251314558,6.976807999992161,0.009458400003495626
F2,pooled_10k,0,XGBoost,0,0,0,10000,2000,86.43897071029245,112.96745345023565,-0.24021976937579304,0.7181963000039104,0.02633379999315366
F2,pooled_10k,0,LightGBM,0,0,0,10000,2000,92.25623993162127,124.68981973779759,-0.5109634755156764,0.72823690000223,0.027315900006215088
F2,pooled,100,XGBoost,0,100,80,361194,2000,81.51156679458171,105.86535562866788,-0.08918008925297527,6.903439300003811,0.01915180000651162
F2,target_only,100,XGBoost,0,100,80,100,2000,76.15184126531332,104.91568689622945,-0.06972668286085759,0.3674477000022307,0.02262259999406524
F2,pooled,100,LightGBM,0,100,80,361194,2000,77.31342219105076,101.29055149550013,0.0029203706358525983,3.779974699995364,0.016611699989880435
F2,target_only,100,LightGBM,0,100,80,100,2000,86.95194916400395,114.83609191059122,-0.2815890276368682,0.07676409999839962,0.024246800006949343
F2,pooled,100,GlobalMean,0,100,80,361194,2000,93.97688354457713,113.99033139644892,-0.26278090058161996,0.07494690000021365,0.0004604999994626269
F2,target_only,100,GlobalMean,0,100,80,100,2000,76.92067999999999,101.79859566811322,-0.007106840559157446,0.0019009999959962443,0.0006663999956799671
F2,pooled,100,StopMean,0,100,80,361194,2000,80.41569939982772,104.11976445187432,-0.05355770113443481,0.10938320000423118,0.008135000010952353
F2,target_only,100,StopMean,0,100,80,100,2000,76.5089063961039,103.15861436784346,-0.03419628213481185,0.003259100005379878,0.006096000011893921
F2,pooled,100,RouteStopMean,0,100,80,361194,2000,76.74067266123276,103.40514699411182,-0.03914531693267942,0.17135279999638442,0.006668999994872138
F2,target_only,100,RouteStopMean,0,100,80,100,2000,76.5089063961039,103.15861436784346,-0.03419628213481185,0.0026090000028489158,0.004518100002314895
F2,pooled,100,Ridge,0,100,80,361194,2000,75.33409670536784,100.10754633000873,0.026074794405566926,6.225538700004108,0.011583200001041405
F2,target_only,100,Ridge,0,100,80,100,2000,337.42642696220565,417.60411283703013,-15.948119072460958,0.010691099989344366,0.011259699997026473
F2,pooled_10k,100,XGBoost,0,100,80,10000,2000,79.9083987722993,104.95511024932964,-0.07053075968386513,0.8167818000074476,0.018183299995143898
F2,pooled_10k,100,LightGBM,0,100,80,10000,2000,77.15302249993434,101.57836446463612,-0.002754001842152576,0.6068953999929363,0.022174699988681823
F2,pooled,500,XGBoost,0,500,434,361594,2000,76.10539437774754,104.54779465862215,-0.06223773314807257,7.149619900010293,0.020702800000435673
F2,target_only,500,XGBoost,0,500,434,500,2000,80.09968530880288,106.7096272548202,-0.10662168911467362,0.4246331000031205,0.029231000007712282
F2,pooled,500,LightGBM,0,500,434,361594,2000,74.05240967306041,103.94851796367844,-0.05009496396873381,3.74413320000167,0.020970600002328865
F2,target_only,500,LightGBM,0,500,434,500,2000,78.39439335514155,103.0899364727778,-0.03281970721201555,0.4134341000026325,0.030350500004715286
F2,pooled,500,GlobalMean,0,500,434,361594,2000,93.92812823498176,113.94871050169684,-0.2618589193023113,0.10581530000490602,0.0008172999951057136
F2,target_only,500,GlobalMean,0,500,434,500,2000,73.79266,103.95170114048157,-0.050159278288477216,0.0012906000047223642,0.0005873000045539811
F2,pooled,500,StopMean,0,500,434,361594,2000,80.09473367190185,107.12972484227323,-0.11535200161454218,0.10234490000584628,0.0038046999979997054
F2,target_only,500,StopMean,0,500,434,500,2000,71.25428393225071,102.5762663646541,-0.0225528104354642,0.002326600006199442,0.003998499989393167
F2,pooled,500,RouteStopMean,0,500,434,361594,2000,71.25428393225071,102.5762663646541,-0.0225528104354642,0.14124009999795817,0.005670300000929274
F2,target_only,500,RouteStopMean,0,500,434,500,2000,71.25428393225071,102.5762663646541,-0.0225528104354642,0.0030327999993460253,0.005724100003135391
F2,pooled,500,Ridge,0,500,434,361594,2000,73.7040572104168,103.05537892796761,-0.032127384909928836,7.221404700001585,0.012573699990753084
F2,target_only,500,Ridge,0,500,434,500,2000,103.47799613481278,125.13982586637523,-0.5218893038447121,0.02118859998881817,0.018671800004085526
F2,pooled_10k,500,XGBoost,0,500,434,10000,2000,78.64304963546991,104.07598506142821,-0.052671905488214765,1.0971403000003193,0.02332340000430122
F2,pooled_10k,500,LightGBM,0,500,434,10000,2000,73.72905709998412,99.81258425606988,0.031805586816813336,0.653381600001012,0.02178910000657197
F2,pooled,1000,XGBoost,0,1000,883,362094,2000,75.40088409559988,103.85047328482881,-0.04811499020578691,7.378582599994843,0.018887099999119528
F2,target_only,1000,XGBoost,0,1000,883,1000,2000,75.71978690856695,103.16037561239655,-0.034231596454009416,0.45475389999046456,0.023093299998436123
F2,pooled,1000,LightGBM,0,1000,883,362094,2000,73.2141755170568,103.49920486691965,-0.041036600939559076,3.9319848000013735,0.021953400006168522
F2,target_only,1000,LightGBM,0,1000,883,1000,2000,74.58884028365641,102.10550989325603,-0.013188680135571618,0.8018491999973776,0.02924039999197703
F2,pooled,1000,GlobalMean,0,1000,883,362094,2000,93.87238919451856,113.90119884270878,-0.2608068580459555,0.061221299998578615,0.00036029999318998307
F2,target_only,1000,GlobalMean,0,1000,883,1000,2000,73.838932,104.05810457624143,-0.052310233820223706,0.0009283999970648438,0.00029579999682027847
F2,pooled,1000,StopMean,0,1000,883,362094,2000,79.86267479571569,106.87577141218452,-0.11007033502336183,0.09861659999296535,0.004944300002534874
F2,target_only,1000,StopMean,0,1000,883,1000,2000,70.95795897129247,102.16994229134565,-0.014467803548106728,0.001367700009723194,0.0024099999864120036
F2,pooled,1000,RouteStopMean,0,1000,883,362094,2000,70.95795897129247,102.16994229134565,-0.014467803548106728,0.21154439999372698,0.007902500001364388
F2,target_only,1000,RouteStopMean,0,1000,883,1000,2000,70.95795897129247,102.16994229134565,-0.014467803548106728,0.004793200001586229,0.011981499992543831
F2,pooled,1000,Ridge,0,1000,883,362094,2000,73.46997195313247,102.64565317616749,-0.023936672004122306,5.9060391999955755,0.010030300007201731
F2,target_only,1000,Ridge,0,1000,883,1000,2000,108.04972586253355,142.62655333653112,-0.9769366225912888,0.01764609999372624,0.011169000004883856
F2,pooled_10k,1000,XGBoost,0,1000,883,10000,2000,74.6711338576097,101.41946441811899,0.0003807804834995432,0.7752558999927714,0.0257290000008652
F2,pooled_10k,1000,LightGBM,0,1000,883,10000,2000,72.75339779794126,98.32978274583621,0.060358625818119904,0.7553742000018246,0.023087100009433925
F2,pooled,5000,XGBoost,0,5000,4444,366094,2000,72.0009970644489,99.63705956338538,0.0352078151619043,7.200421600005939,0.021112500005983748
F2,target_only,5000,XGBoost,0,5000,4444,5000,2000,76.76823900119216,102.26443882134787,-0.016345224970387484,0.6055465999961598,0.020817900003748946
F2,pooled,5000,LightGBM,0,5000,4444,366094,2000,70.00026660311349,98.31827964788079,0.06057846062779926,4.598382299998775,0.02621749999525491
F2,target_only,5000,LightGBM,0,5000,4444,5000,2000,72.13698019752148,97.86601549781948,0.06920126184158493,0.8697829000011552,0.027109000002383254
F2,pooled,5000,GlobalMean,0,5000,4444,366094,2000,93.45113596781155,113.53966544279281,-0.2528157151906414,0.07010769999760669,0.00034980000054929405
F2,target_only,5000,GlobalMean,0,5000,4444,5000,2000,73.7079828,103.7460820785055,-0.0460089045445613,0.001090299992938526,0.0001816000003600493
F2,pooled,5000,StopMean,0,5000,4444,366094,2000,78.60617271418474,105.36245292474725,-0.07885658749399349,0.13124970000353642,0.00504420000652317
F2,target_only,5000,StopMean,0,5000,4444,5000,2000,71.5810433808812,102.18387193350094,-0.014744443359625992,0.0021933000098215416,0.0026416000036988407
F2,pooled,5000,RouteStopMean,0,5000,4444,366094,2000,71.5810433808812,102.18387193350094,-0.014744443359625992,0.1479847000009613,0.006380399994668551
F2,target_only,5000,RouteStopMean,0,5000,4444,5000,2000,71.5810433808812,102.18387193350094,-0.014744443359625992,0.005470999996759929,0.005356099994969554
F2,pooled,5000,Ridge,0,5000,4444,366094,2000,73.25103955909941,102.95540501645443,-0.030125824919562616,6.132854900002712,0.008442100006504916
F2,target_only,5000,Ridge,0,5000,4444,5000,2000,71.40060462935794,98.72983778552754,0.05269720424823432,0.07433399998990353,0.0126105999952415
F2,pooled_10k,5000,XGBoost,0,5000,4444,10000,2000,73.72880354483425,98.5266135183459,0.05659302309342684,0.7984557000017958,0.022893400004249997
F2,pooled_10k,5000,LightGBM,0,5000,4444,10000,2000,70.19801732513574,96.246489325144,0.09975282648531492,0.7838858000031905,0.023039799998514354
F3,pooled,0,XGBoost,0,0,0,223444,2000,139.14469199201466,179.39713729012362,-1.3383619681197625,4.91099019999092,0.025006299998494796
F3,pooled,0,LightGBM,0,0,0,223444,2000,130.19269172034006,168.860095961341,-1.071737777144833,3.338830399996368,0.030989000006229617
F3,pooled,0,GlobalMean,0,0,0,223444,2000,86.97552774744454,117.35677012648928,-0.000684144575001655,0.05058670000289567,0.0003704999980982393
F3,pooled,0,StopMean,0,0,0,223444,2000,91.90119803423389,121.00785954382226,-0.06391732165104225,0.04944529999920633,0.003362200004630722
F3,pooled,0,RouteStopMean,0,0,0,223444,2000,91.90119803423389,121.00785954382226,-0.06391732165104225,0.10709099999803584,0.007043899997370318
F3,pooled,0,Ridge,0,0,0,223444,2000,91.74798159771592,128.22958113333547,-0.1946953382097394,3.8997745999949984,0.02054110000608489
F3,pooled_10k,0,XGBoost,0,0,0,10000,2000,134.47908299960196,173.63553331248787,-1.1905740185637947,0.7375327999907313,0.02193279999482911
F3,pooled_10k,0,LightGBM,0,0,0,10000,2000,146.97711159913698,183.3326191524345,-1.4420818040821484,0.7306814000039594,0.02730380000139121
F3,pooled,100,XGBoost,0,100,20,223544,2000,89.17379408792407,126.2636686024505,-0.15834393497314347,4.858867599992664,0.019260499990195967
F3,target_only,100,XGBoost,0,100,20,100,2000,87.68798997574113,121.39800035787822,-0.07078872151296256,0.3311250000115251,0.0241948000038974
F3,pooled,100,LightGBM,0,100,20,223544,2000,88.12946224974924,126.00113377117417,-0.15353194945501558,2.627162999997381,0.020916099994792603
F3,target_only,100,LightGBM,0,100,20,100,2000,86.03773019397124,119.13754506764064,-0.03128337212103505,0.08032960000855383,0.023534800013294443
F3,pooled,100,GlobalMean,0,100,20,223544,2000,86.97232796228035,117.35642514575649,-0.0006782613823794748,0.0616637999919476,0.0005047000013291836
F3,target_only,100,GlobalMean,0,100,20,100,2000,83.5631,120.26995717967144,-0.05098141068116102,0.0006311000033747405,0.00021209999977145344
F3,pooled,100,StopMean,0,100,20,223544,2000,90.87543435480337,124.29120512814015,-0.12243582500710404,0.0901707000011811,0.0034300999977858737
F3,target_only,100,StopMean,0,100,20,100,2000,83.56052824675324,121.63062386918047,-0.07489635567400565,0.0019074000010732561,0.0076834000064991415
F3,pooled,100,RouteStopMean,0,100,20,223544,2000,84.4496067341927,122.35719607638688,-0.08777670523670866,0.10810209999908693,0.005125900002894923
F3,target_only,100,RouteStopMean,0,100,20,100,2000,83.56052824675324,121.63062386918047,-0.07489635567400565,0.002180800001951866,0.005805199994938448
F3,pooled,100,Ridge,0,100,20,223544,2000,88.96941405392147,121.59581948241879,-0.0742812843253502,5.268165399989812,0.020920700000715442
F3,target_only,100,Ridge,0,100,20,100,2000,415.74100214637286,483.86037607805576,-16.010647265427647,0.009643099998356774,0.011106499994639307
F3,pooled_10k,100,XGBoost,0,100,20,10000,2000,90.60658284041658,126.1631237209532,-0.15649987034733592,0.8977703999989899,0.02343079999263864
F3,pooled_10k,100,LightGBM,0,100,20,10000,2000,85.88360584495237,123.57645807269326,-0.10956361937116599,0.883607399999164,0.02436450000095647
F3,pooled,500,XGBoost,0,500,70,223944,2000,82.55412676105648,114.07701326290702,0.05446631381195832,5.024205099995015,0.020416300001670606
F3,target_only,500,XGBoost,0,500,70,500,2000,105.71619453668781,142.52273502755227,-0.47587310161562435,0.37332070000411477,0.026421300004585646
F3,pooled,500,LightGBM,0,500,70,223944,2000,83.83199910246682,116.51496475073074,0.013620272154239221,3.2086466000037035,0.022678799999994226
F3,target_only,500,LightGBM,0,500,70,500,2000,99.50152139991457,130.20210767862525,-0.23173349312830216,0.3060847000015201,0.03273930000432301
F3,pooled,500,GlobalMean,0,500,70,223944,2000,86.97368011645769,117.35657074489878,-0.0006807443821257309,0.06837530000484549,0.000378099997760728
F3,target_only,500,GlobalMean,0,500,70,500,2000,86.17748399999999,117.31717129218553,-8.951482247443465e-06,0.002698900003451854,0.0008171999943442643
F3,pooled,500,StopMean,0,500,70,223944,2000,88.27818896325691,115.71053733318666,0.027193323646116707,0.08120030000281986,0.003607999999076128
F3,target_only,500,StopMean,0,500,70,500,2000,84.24861147036889,114.07784881251612,0.054452462762170195,0.001716300001135096,0.0033561000018380582
F3,pooled,500,RouteStopMean,0,500,70,223944,2000,84.66865264078689,114.61510221850125,0.04552531593397369,0.11684580000292044,0.00783239999145735
F3,target_only,500,RouteStopMean,0,500,70,500,2000,84.24861147036889,114.07784881251612,0.054452462762170195,0.004940999991958961,0.007198599996627308
F3,pooled,500,Ridge,0,500,70,223944,2000,87.64786371268204,116.51372186910022,0.013641315746508509,4.4979059000033885,0.0149671999970451
F3,target_only,500,Ridge,0,500,70,500,2000,262.7979648702085,311.6097726122687,-6.055094911325412,0.012046099989674985,0.012061700006597675
F3,pooled_10k,500,XGBoost,0,500,70,10000,2000,85.37595358337462,115.51911559169491,0.03040931973619254,0.7821697000035783,0.018763600004604086
F3,pooled_10k,500,LightGBM,0,500,70,10000,2000,83.9213004537701,114.86403260276849,0.041374802392294074,0.7671860999980709,0.025584500006516464
F3,pooled,1000,XGBoost,0,1000,145,224444,2000,82.01193902781606,112.7813061239209,0.07582341394298553,4.558864500009804,0.01989490000414662
F3,target_only,1000,XGBoost,0,1000,145,1000,2000,93.75550027966126,124.35656667678118,-0.12361665568382518,0.38794480000797193,0.024179799991543405
F3,pooled,1000,LightGBM,0,1000,145,224444,2000,82.37413816973267,113.60658098338223,0.06224864258982876,2.7649160000000848,0.022995300008915365
F3,target_only,1000,LightGBM,0,1000,145,1000,2000,86.59709719866039,117.48601771073207,-0.0028895090959892844,0.4708580000005895,0.027497299990500323
F3,pooled,1000,GlobalMean,0,1000,145,224444,2000,86.96827827876886,117.35599066867313,-0.0006708519718243711,0.06205220000992995,0.000491600003442727
F3,target_only,1000,GlobalMean,0,1000,145,1000,2000,85.49213,117.37356816592056,-0.0009706339650832341,0.0005258000019239262,0.00016149999282788485
F3,pooled,1000,StopMean,0,1000,145,224444,2000,87.33278001545526,115.67515836285696,0.027788111947658845,0.06008399999700487,0.0035780000034719706
F3,target_only,1000,StopMean,0,1000,145,1000,2000,82.46091382426395,113.37950611971141,0.0659936184468346,0.0014586000033887103,0.0024142999900504947
F3,pooled,1000,RouteStopMean,0,1000,145,224444,2000,82.96699549093063,113.97158388677079,0.05621322072488533,0.09203559999878053,0.005368500002077781
F3,target_only,1000,RouteStopMean,0,1000,145,1000,2000,82.46091382426395,113.37950611971141,0.0659936184468346,0.007775099991704337,0.006915799996932037
F3,pooled,1000,Ridge,0,1000,145,224444,2000,87.25208187335161,116.29910094067047,0.017271759291252575,4.30425539999851,0.010140500002307817
F3,target_only,1000,Ridge,0,1000,145,1000,2000,595.8755908370215,701.6612708174497,-34.771383158537375,0.012846099998569116,0.011743600000045262
F3,pooled_10k,1000,XGBoost,0,1000,145,10000,2000,82.56112182048709,112.47246385724944,0.08087804569644885,0.7391211000067415,0.020546600004308857
F3,pooled_10k,1000,LightGBM,0,1000,145,10000,2000,80.65838581044102,112.2142928523962,0.08509273594374289,0.6877706000086619,0.027648300005239435
F3,pooled,5000,XGBoost,0,5000,693,228444,2000,81.46684961338387,108.88402276482775,0.1385917295484833,4.623529599994072,0.021567400006460957
F3,target_only,5000,XGBoost,0,5000,693,5000,2000,86.48192096006125,115.02271085856876,0.03872439845523534,0.5317733999982011,0.022044700002879836
F3,pooled,5000,LightGBM,0,5000,693,228444,2000,82.23429903790277,109.65958625756845,0.12627667923998576,3.001655700005358,0.020712199999252334
F3,target_only,5000,LightGBM,0,5000,693,5000,2000,81.70096186385764,110.52477148312744,0.1124353984482459,0.6861465999973007,0.023420699988491833
F3,pooled,5000,GlobalMean,0,5000,693,228444,2000,86.92876764546234,117.35187683420675,-0.0006006975286692029,0.056177399994339794,0.000294400000711903
F3,target_only,5000,GlobalMean,0,5000,693,5000,2000,85.1130274,117.45794341448347,-0.002410268183040243,0.0010131000017281622,0.0001621999981580302
F3,pooled,5000,StopMean,0,5000,693,228444,2000,85.61241506833827,114.35950280007789,0.04977765515023813,0.06084059999557212,0.0027523000026121736
F3,target_only,5000,StopMean,0,5000,693,5000,2000,81.92959302036034,112.7619722758785,0.07614024585009749,0.002087900007609278,0.0024719999928493053
F3,pooled,5000,RouteStopMean,0,5000,693,228444,2000,81.92959302036034,112.7619722758785,0.07614024585009749,0.11857569999119733,0.005815700002131052
F3,target_only,5000,RouteStopMean,0,5000,693,5000,2000,81.92959302036034,112.7619722758785,0.07614024585009749,0.003457200000411831,0.0043271000031381845
F3,pooled,5000,Ridge,0,5000,693,228444,2000,84.7565097051053,114.89964117427124,0.040780350600999715,3.8709287000092445,0.008546500001102686
F3,target_only,5000,Ridge,0,5000,693,5000,2000,213.69643802119197,244.69512723712256,-3.350421774140348,0.041633899993030354,0.011707900004694238
F3,pooled_10k,5000,XGBoost,0,5000,693,10000,2000,82.94632879955321,110.66767129025126,0.11013881278557835,0.7736822000006214,0.020176999998511747
F3,pooled_10k,5000,LightGBM,0,5000,693,10000,2000,81.03119484419751,109.29604758614637,0.13206013558552532,0.5932026999944355,0.024404699986916967
F4,pooled,0,XGBoost,0,0,0,299742,2000,114.36662531894119,151.44953707560285,-0.4084355036706204,6.2350327000021935,0.030086800004937686
F4,pooled,0,LightGBM,0,0,0,299742,2000,118.72560017817345,161.0172393517345,-0.5920100922104603,3.2589721999975154,0.028134599997429177
F4,pooled,0,GlobalMean,0,0,0,299742,2000,99.60874832022206,132.74870900250198,-0.08208574589989737,0.05599240001174621,0.0003333000058773905
F4,pooled,0,StopMean,0,0,0,299742,2000,97.04941792389307,132.22924047205444,-0.07363354051282012,0.08924169999954756,0.006942299994989298
F4,pooled,0,RouteStopMean,0,0,0,299742,2000,97.04941792389307,132.22924047205444,-0.07363354051282012,0.19946890001301654,0.00797390000661835
F4,pooled,0,Ridge,0,0,0,299742,2000,94.6717402431645,126.0999117787497,0.02359357334720691,6.4399973999970825,0.014576999994460493
F4,pooled_10k,0,XGBoost,0,0,0,10000,2000,114.36746365140378,154.41637038474997,-0.46415732228797957,0.7783581999974558,0.023644499990041368
F4,pooled_10k,0,LightGBM,0,0,0,10000,2000,124.07443640826766,166.50196110264736,-0.7023143886506074,0.853919200002565,0.02540880000742618
F4,pooled,100,XGBoost,0,100,28,299842,2000,95.45010681744665,123.58867521084778,0.06209593617205755,5.955904099988402,0.01911110000219196
F4,target_only,100,XGBoost,0,100,28,100,2000,108.42056163125486,138.3888066933278,-0.17598827786801108,0.32879939999838825,0.024499400009517558
F4,pooled,100,LightGBM,0,100,28,299842,2000,90.31584476291752,122.34466495045567,0.08088228726017876,3.420969899991178,0.022016999995685183
F4,target_only,100,LightGBM,0,100,28,100,2000,86.68221716369274,119.28263181545148,0.12631377355043316,0.10165209999831859,0.026769200005219318
F4,pooled,100,GlobalMean,0,100,28,299842,2000,99.60886034978422,132.74904439591663,-0.08209121374805117,0.0701456000097096,0.00047539999650325626
F4,target_only,100,GlobalMean,0,100,28,100,2000,99.95552,133.80039073186595,-0.09929898545805949,0.00039659999310970306,0.00014940000255592167
F4,pooled,100,StopMean,0,100,28,299842,2000,95.15040879900342,132.07070532597857,-0.07106063584440547,0.08331030000408646,0.0031944000074872747
F4,target_only,100,StopMean,0,100,28,100,2000,95.68856673881673,132.7476142315342,-0.08206789817567639,0.004644000000553206,0.005615100002614781
F4,pooled,100,RouteStopMean,0,100,28,299842,2000,94.829878000078,132.0310319430342,-0.07041724991904164,0.15736409999954049,0.010196400005952455
F4,target_only,100,RouteStopMean,0,100,28,100,2000,95.68856673881673,132.7476142315342,-0.08206789817567639,0.0030452000064542517,0.0061741999961668625
F4,pooled,100,Ridge,0,100,28,299842,2000,93.27007716114096,125.32614988075443,0.035539468441520006,6.335563500004355,0.015906300002825446
F4,target_only,100,Ridge,0,100,28,100,2000,468.8606352002436,548.6176735810892,-17.481646199999105,0.018439600011333823,0.023774500004947186
F4,pooled_10k,100,XGBoost,0,100,28,10000,2000,96.14453129331022,126.7544284988316,0.013431268423823362,1.8693285000044852,0.02311389999522362
F4,pooled_10k,100,LightGBM,0,100,28,10000,2000,95.81651734792531,129.0219712752606,-0.02218242554875194,1.0948959000088507,0.025105699998675846
F4,pooled,500,XGBoost,0,500,128,300242,2000,93.40970756534487,122.39386538683532,0.08014289931394558,6.741857100001653,0.02227810000476893
F4,target_only,500,XGBoost,0,500,128,500,2000,90.98706265718863,124.50171055241309,0.04818685035646353,0.395860000004177,0.02084259998810012
F4,pooled,500,LightGBM,0,500,128,300242,2000,90.47251735442359,120.7665864660716,0.10444008676759531,3.4026330999913625,0.02112259999557864
F4,target_only,500,LightGBM,0,500,128,500,2000,91.66829127964584,126.86943089797067,0.011640258174139606,0.3852658999967389,0.03332970000337809
F4,pooled,500,GlobalMean,0,500,128,300242,2000,99.60732641335989,132.7444530034801,-0.08201636244471211,0.06855380001070444,0.0004515999899012968
F4,target_only,500,GlobalMean,0,500,128,500,2000,99.050652,130.4978897147383,-0.04570224710011295,0.0017952000052900985,0.000642399987555109
F4,pooled,500,StopMean,0,500,128,300242,2000,94.82550788255232,131.29828966170118,-0.05856907284001389,0.10583230000338517,0.0044166000006953254
F4,target_only,500,StopMean,0,500,128,500,2000,92.69809339911528,127.13415227109172,0.007511400488252051,0.0013992000021971762,0.0027898999978788197
F4,pooled,500,RouteStopMean,0,500,128,300242,2000,92.69809339911528,127.13415227109172,0.007511400488252051,0.1166263000050094,0.004868799995165318
F4,target_only,500,RouteStopMean,0,500,128,500,2000,92.69809339911528,127.13415227109172,0.007511400488252051,0.003018200004589744,0.006335099998977967
F4,pooled,500,Ridge,0,500,128,300242,2000,93.17782856084389,123.78364827990484,0.0591343334539044,7.6622195999952964,0.012403100001392886
F4,target_only,500,Ridge,0,500,128,500,2000,319.3980237560301,368.8429332799478,-7.353798549268399,0.01182459999108687,0.008027200005017221
F4,pooled_10k,500,XGBoost,0,500,128,10000,2000,90.21852958104759,122.55960335015395,0.07764998899510323,0.8162745000008726,0.02429139999730978
F4,pooled_10k,500,LightGBM,0,500,128,10000,2000,85.50923588905118,118.09880905241988,0.143569550242735,0.9083772000012686,0.0220195000001695
F4,pooled,1000,XGBoost,0,1000,257,300742,2000,88.30718825901859,119.33872899934248,0.12549181211510052,6.066794999991544,0.020837799995206296
F4,target_only,1000,XGBoost,0,1000,257,1000,2000,87.69606879068911,123.33451679435117,0.06594954335048342,0.36728379999112803,0.021951000002445653
F4,pooled,1000,LightGBM,0,1000,257,300742,2000,89.57923921227456,121.06698023224325,0.09997932981768298,3.098537400001078,0.021036200007074513
F4,target_only,1000,LightGBM,0,1000,257,1000,2000,86.94999458877521,122.01352387361644,0.08585096715059126,0.7086159000027692,0.038945399996009655
F4,pooled,1000,GlobalMean,0,1000,257,300742,2000,99.60885086552594,132.74901600160248,-0.0820907508409967,0.10640710000006948,0.0007939999923110008
F4,target_only,1000,GlobalMean,0,1000,257,1000,2000,99.639588,132.84142608388393,-0.0835978188900175,0.0015050000074552372,0.00040099999750964344
F4,pooled,1000,StopMean,0,1000,257,300742,2000,94.68652881083777,131.29395630318336,-0.05849920013073229,0.10272249999979977,0.0029854000022169203
F4,target_only,1000,StopMean,0,1000,257,1000,2000,92.74974276858195,129.25912395412246,-0.0259435847621996,0.001185099987196736,0.0021492000087164342
F4,pooled,1000,RouteStopMean,0,1000,257,300742,2000,92.74974276858195,129.25912395412246,-0.0259435847621996,0.12248239999462385,0.006625699999858625
F4,target_only,1000,RouteStopMean,0,1000,257,1000,2000,92.74974276858195,129.25912395412246,-0.0259435847621996,0.002424700011033565,0.005639399998472072
F4,pooled,1000,Ridge,0,1000,257,300742,2000,92.57467586294413,125.1002469065203,0.03901325489664742,7.1578065999929095,0.010516599999391474
F4,target_only,1000,Ridge,0,1000,257,1000,2000,464.9106698282155,529.2824003202765,-16.201882227993963,0.015493599988985807,0.012185300001874566
F4,pooled_10k,1000,XGBoost,0,1000,257,10000,2000,86.46610719045997,119.42485056370893,0.12422916772051673,0.8922988999984227,0.022491699986858293
F4,pooled_10k,1000,LightGBM,0,1000,257,10000,2000,82.52505373326069,117.1490828343928,0.15728863791040593,0.8437631999986479,0.026276699994923547
F4,pooled,5000,XGBoost,0,5000,1268,304742,2000,82.29672651417553,112.80905307715072,0.21857199538125593,6.612108899993473,0.017436499998439103
F4,target_only,5000,XGBoost,0,5000,1268,5000,2000,79.80609145676718,111.49663991977133,0.23664839508374214,0.5340149999974528,0.020799200006877072
F4,pooled,5000,LightGBM,0,5000,1268,304742,2000,80.47130089641973,112.17259026377214,0.2273646736583662,3.513294100004714,0.020704999988083728
F4,target_only,5000,LightGBM,0,5000,1268,5000,2000,78.42324727180525,111.44275303184428,0.23738608013187756,0.551386300008744,0.0314827999973204
F4,pooled,5000,GlobalMean,0,5000,1268,304742,2000,99.58179970926227,132.668330498171,-0.08077575045623275,0.09297490000608377,0.0005126000032760203
F4,target_only,5000,GlobalMean,0,5000,1268,5000,2000,99.0697502,128.9785132657374,-0.021493945410200332,0.00196460000006482,0.00038729999505449086
F4,pooled,5000,StopMean,0,5000,1268,304742,2000,93.23507396023683,127.80044158038243,-0.0029188005820226515,0.09169309999560937,0.0031383000023197383
F4,target_only,5000,StopMean,0,5000,1268,5000,2000,92.35986839735013,124.32337876159214,0.05091158368013027,0.002372500006458722,0.0023302999907173216
F4,pooled,5000,RouteStopMean,0,5000,1268,304742,2000,92.35986839735013,124.32337876159214,0.05091158368013027,0.14280620000499766,0.012225600003148429
F4,target_only,5000,RouteStopMean,0,5000,1268,5000,2000,92.35986839735013,124.32337876159214,0.05091158368013027,0.00716199999442324,0.006448700005421415
F4,pooled,5000,Ridge,0,5000,1268,304742,2000,91.13617104840934,122.34957485609443,0.08080851417338009,5.12421280000126,0.009249099995940924
F4,target_only,5000,Ridge,0,5000,1268,5000,2000,91.58917696325409,124.40043980212276,0.04973464642788905,0.045317900003283285,0.013456899992888793
F4,pooled_10k,5000,XGBoost,0,5000,1268,10000,2000,77.84448826802522,110.09690811556665,0.2556943611233874,0.7147287999978289,0.021106599990162067
F4,pooled_10k,5000,LightGBM,0,5000,1268,10000,2000,77.06112461500769,109.7755567962744,0.2600329849421539,0.6604514000064228,0.025592000005417503
F5,pooled,0,XGBoost,0,0,0,346827,2000,100.48255356902257,139.78153687537343,-0.6639912209071661,7.172130699997069,0.02962080000725109
F5,pooled,0,LightGBM,0,0,0,346827,2000,98.90178512343424,137.84899389820083,-0.6182984187381682,4.011233400000492,0.03311450000910554
F5,pooled,0,GlobalMean,0,0,0,346827,2000,79.10644103544418,109.00008141331104,-0.011824178258720508,0.0948872000008123,0.0003972000122303143
F5,pooled,0,StopMean,0,0,0,346827,2000,81.13334585887392,112.43845554647724,-0.0766663784552244,0.12214120000135154,0.0030670999985886738
F5,pooled,0,RouteStopMean,0,0,0,346827,2000,81.13334585887392,112.43845554647724,-0.0766663784552244,0.16167529999802355,0.007954699991387315
F5,pooled,0,Ridge,0,0,0,346827,2000,82.31050505558328,114.7838821565029,-0.12205262626801971,7.8341777000023285,0.013495599996531382
F5,pooled_10k,0,XGBoost,0,0,0,10000,2000,106.51614681502431,143.57532111905078,-0.7555410978791159,0.698555299997679,0.024676499990164302
F5,pooled_10k,0,LightGBM,0,0,0,10000,2000,120.44082962756666,158.65582885166717,-1.1436973587385455,0.6873239999986254,0.02857130000484176
F5,pooled,100,XGBoost,0,100,43,346927,2000,81.74357634827494,113.51957913709683,-0.0974707471152183,6.869890400004806,0.022465600006398745
F5,target_only,100,XGBoost,0,100,43,100,2000,91.28858102957159,122.90747679257747,-0.28649473832898,0.3308701000059955,0.02406890000565909
F5,pooled,100,LightGBM,0,100,43,346927,2000,80.42663501158893,111.09252291469372,-0.0510444124820193,4.1442462999984855,0.021058099999208935
F5,target_only,100,LightGBM,0,100,43,100,2000,86.27709127193492,112.85528896546913,-0.08466404094050684,0.0986276000039652,0.02667259999725502
F5,pooled,100,GlobalMean,0,100,43,346927,2000,79.10640654950467,109.00021456277442,-0.011826650255564841,0.09553749999031425,0.0012536000140244141
F5,target_only,100,GlobalMean,0,100,43,100,2000,79.0833,109.54438050397656,-0.021954630249064522,0.0007153000042308122,0.0003605999954743311
F5,pooled,100,StopMean,0,100,43,346927,2000,76.17684394730685,108.7524485540363,-0.00723195609674665,0.14606600000115577,0.003311699998448603
F5,target_only,100,StopMean,0,100,43,100,2000,75.25853137254902,105.74628142457735,0.04768282480641628,0.0016405999922426417,0.0033983000030275434
F5,pooled,100,RouteStopMean,0,100,43,346927,2000,75.23322488610069,105.76646247762284,0.04731930190871236,0.19470860000001267,0.005908299994189292
F5,target_only,100,RouteStopMean,0,100,43,100,2000,75.25853137254902,105.74628142457735,0.04768282480641628,0.002474599998095073,0.00448849999520462
F5,pooled,100,Ridge,0,100,43,346927,2000,74.11747491061688,103.3067479290576,0.09111530787643163,8.740725900002872,0.009604000006220303
F5,target_only,100,Ridge,0,100,43,100,2000,106.45701249614405,141.8104937325919,-0.7126481370920683,0.019026099995244294,0.010465400002431124
F5,pooled_10k,100,XGBoost,0,100,43,10000,2000,82.58115035363286,113.21828506490391,-0.09165284986417976,0.7039534999930765,0.01909190000151284
F5,pooled_10k,100,LightGBM,0,100,43,10000,2000,81.38751762857042,111.88275974545994,-0.06605042825350593,0.6645941000024322,0.02332320000277832
F5,pooled,500,XGBoost,0,500,206,347327,2000,78.23447467201203,110.44911372149335,-0.03890510170201278,6.644347800000105,0.022782400003052317
F5,target_only,500,XGBoost,0,500,206,500,2000,79.14997993732058,111.75953982803378,-0.06370357318153652,0.39084819999698084,0.026890699999057688
F5,pooled,500,LightGBM,0,500,206,347327,2000,78.69360937410119,110.22199105960188,-0.03463677800967413,3.5469790999923134,0.02394810000259895
F5,target_only,500,LightGBM,0,500,206,500,2000,80.12112930792739,112.85960981843863,-0.08474709887432152,0.3011692000000039,0.03153049999673385
F5,pooled,500,GlobalMean,0,500,206,347327,2000,79.1056517719613,109.00313218716441,-0.011880818398905202,0.06779950000054669,0.0003671000013127923
F5,target_only,500,GlobalMean,0,500,206,500,2000,80.40865400000001,112.80902738699594,-0.08377497341726992,0.0006400999991456047,0.00017749999824445695
F5,pooled,500,StopMean,0,500,206,347327,2000,76.69354080118964,111.5042781541242,-0.05885006944376303,0.09306489999289624,0.0032675999973434955
F5,target_only,500,StopMean,0,500,206,500,2000,74.6978519861315,107.94656766254035,0.007640380507290767,0.0040539000037824735,0.006857100001070648
F5,pooled,500,RouteStopMean,0,500,206,347327,2000,74.67146491470292,107.94669849327757,0.007637975035359679,0.17428460001247004,0.00504709999950137
F5,target_only,500,RouteStopMean,0,500,206,500,2000,74.6978519861315,107.94656766254035,0.007640380507290767,0.002616700003272854,0.008083100008661859
F5,pooled,500,Ridge,0,500,206,347327,2000,74.71958666374796,106.32412153715566,0.03724670259104368,7.1373769999918295,0.01324179999937769
F5,target_only,500,Ridge,0,500,206,500,2000,155.26116330599018,191.0124850364402,-2.107240849584335,0.013231200005975552,0.00958879999234341
F5,pooled_10k,500,XGBoost,0,500,206,10000,2000,75.9119699244853,107.75475786164536,0.011163886518759547,0.7976410999981454,0.02262709999922663
F5,pooled_10k,500,LightGBM,0,500,206,10000,2000,76.38014616604839,108.84472175021342,-0.008941893514022636,0.7309303000074578,0.022969300000113435
F5,pooled,1000,XGBoost,0,1000,414,347827,2000,74.71231962243095,106.16939417949466,0.040046742357755405,6.889013799998793,0.018239199998788536
F5,target_only,1000,XGBoost,0,1000,414,1000,2000,71.65464221818745,97.27854531363593,0.19409185774696425,0.3562776000035228,0.022572200003196485
F5,pooled,1000,LightGBM,0,1000,414,347827,2000,76.89025354252543,107.30834875063269,0.019340065183899302,3.572620700011612,0.01916910000727512
F5,target_only,1000,LightGBM,0,1000,414,1000,2000,72.59203617750391,97.34444667359129,0.19299956278635355,0.5848201000044355,0.030872700008330867
F5,pooled,1000,GlobalMean,0,1000,414,347827,2000,79.10585589100329,109.00234250647927,-0.011866157171700253,0.1084436000091955,0.0007436000014422461
F5,target_only,1000,GlobalMean,0,1000,414,1000,2000,79.181862,110.02342872315879,-0.030912387868344604,0.000646399988909252,0.00022770000214222819
F5,pooled,1000,StopMean,0,1000,414,347827,2000,76.15493730054307,109.13731724907272,-0.014373643349194332,0.08185020000382792,0.004175299996859394
F5,target_only,1000,StopMean,0,1000,414,1000,2000,74.05382890110833,104.50409492259337,0.06992488419028264,0.0021863000001758337,0.004349700000602752
F5,pooled,1000,RouteStopMean,0,1000,414,347827,2000,74.05382890110833,104.50409492259337,0.06992488419028264,0.1617617000010796,0.004839200002606958
F5,target_only,1000,RouteStopMean,0,1000,414,1000,2000,74.05382890110833,104.50409492259337,0.06992488419028264,0.004922299995087087,0.016960500011919066
F5,pooled,1000,Ridge,0,1000,414,347827,2000,73.90710714422958,103.05000690814363,0.0956272691321165,6.528378600007272,0.008413499992457218
F5,target_only,1000,Ridge,0,1000,414,1000,2000,89.2583133031111,117.25715129927484,-0.17092771721262623,0.019679000004543923,0.011626799998339266
F5,pooled_10k,1000,XGBoost,0,1000,414,10000,2000,73.04060652150214,98.4231291716601,0.1750155830875092,0.6385931999975583,0.01908230000117328
F5,pooled_10k,1000,LightGBM,0,1000,414,10000,2000,70.21312097754162,96.85469559526773,0.20109935945158153,0.6693305000080727,0.02604789999895729
F5,pooled,5000,XGBoost,0,5000,2151,351827,2000,70.76765487328917,100.04218939482679,0.14765035721445052,6.840776699988055,0.020145100002991967
F5,target_only,5000,XGBoost,0,5000,2151,5000,2000,71.29256061726808,96.0415213366645,0.21445789163507023,0.6082389000075636,0.018916600005468354
F5,pooled,5000,LightGBM,0,5000,2151,351827,2000,72.08520906005342,100.17052725019812,0.14546210264277526,3.6245263000018895,0.02534429999650456
F5,target_only,5000,LightGBM,0,5000,2151,5000,2000,67.787339263236,93.30932050140295,0.25851655001336626,0.5750371000031009,0.027359399988199584
F5,pooled,5000,GlobalMean,0,5000,2151,351827,2000,79.10561411432323,109.00327792690013,-0.0118835242173283,0.0919049000076484,0.0005456999933812767
F5,target_only,5000,GlobalMean,0,5000,2151,5000,2000,79.0724032,109.24426314200669,-0.01636262842223868,0.0018857999966712669,0.00032639999699313194
F5,pooled,5000,StopMean,0,5000,2151,351827,2000,76.17354985634007,108.17167393904434,0.003497232595690125,0.12842239999736194,0.006335199999739416
F5,target_only,5000,StopMean,0,5000,2151,5000,2000,74.32647359738593,103.66874264102205,0.08473454573778061,0.0030700999923283234,0.003702799993334338
F5,pooled,5000,RouteStopMean,0,5000,2151,351827,2000,74.32647359738593,103.66874264102205,0.08473454573778061,0.2139331999933347,0.006539299996802583
F5,target_only,5000,RouteStopMean,0,5000,2151,5000,2000,74.32647359738593,103.66874264102205,0.08473454573778061,0.004633300006389618,0.005887699997401796
F5,pooled,5000,Ridge,0,5000,2151,351827,2000,73.66130415951834,102.32622607159371,0.10828653941025101,6.7258129000110785,0.009554599993862212
F5,target_only,5000,Ridge,0,5000,2151,5000,2000,70.70735512164387,96.30337875097372,0.21016848756813677,0.042143700004089624,0.011129399994388223
F5,pooled_10k,5000,XGBoost,0,5000,2151,10000,2000,70.63442793789505,95.18221978038605,0.2284517932802398,0.6746689999999944,0.01985259998764377
F5,pooled_10k,5000,LightGBM,0,5000,2151,10000,2000,66.24724707125453,91.36497181494329,0.28909616427507534,1.213725900001009,0.027052999997977167
F6,pooled,0,XGBoost,0,0,0,340788,2000,72.63299406093591,94.64345498913924,-0.2340320749005107,10.607338599991635,0.02879729999403935
F6,pooled,0,LightGBM,0,0,0,340788,2000,72.22227514881298,96.52743171947002,-0.28365045309312786,6.114970599999651,0.027159599994774908
F6,pooled,0,GlobalMean,0,0,0,340788,2000,71.30046160956371,91.11970212981035,-0.14385206039584664,0.08469649999460671,0.00046490000386256725
F6,pooled,0,StopMean,0,0,0,340788,2000,62.75562328129573,86.25484854941415,-0.024972727851959586,0.25089950000983663,0.006923799999640323
F6,pooled,0,RouteStopMean,0,0,0,340788,2000,62.75562328129573,86.25484854941415,-0.024972727851959586,0.37062450000667013,0.012893200007965788
F6,pooled,0,Ridge,0,0,0,340788,2000,74.5489592967987,92.57839110547347,-0.1807678893598217,7.99022240001068,0.030548699985956773
F6,pooled_10k,0,XGBoost,0,0,0,10000,2000,75.00532920687645,98.59149601739757,-0.3391344704190842,2.407078000003821,0.021898299994063564
F6,pooled_10k,0,LightGBM,0,0,0,10000,2000,70.90674884867562,93.74959998673387,-0.2108326488987673,1.5643074000108754,0.02832979999948293
F6,pooled,100,XGBoost,0,100,34,340888,2000,76.56360228157789,98.65921566949866,-0.34097472782097826,11.303154199995333,0.022545899992110208
F6,target_only,100,XGBoost,0,100,34,100,2000,67.0315670326096,90.05006437885419,-0.11715473696661194,0.4539061999967089,0.02663199999369681
F6,pooled,100,LightGBM,0,100,34,340888,2000,74.92660791638836,96.67080574099171,-0.28746654568018415,6.359849699991173,0.024131799989845604
F6,target_only,100,LightGBM,0,100,34,100,2000,71.65736045476183,93.48023581045248,-0.20388464314662125,0.10577329999068752,0.02559099999780301
F6,pooled,100,GlobalMean,0,100,34,340888,2000,71.29678731430852,91.11626456420957,-0.14376575650693857,0.11777719999372493,0.0007573000038973987
F6,target_only,100,GlobalMean,0,100,34,100,2000,63.59401,85.20076625242287,-7.432396605833169e-05,0.0010328000062145293,0.00036439999530557543
F6,pooled,100,StopMean,0,100,34,340888,2000,62.9520702710511,86.31580048586069,-0.026421832389298627,0.1687792000011541,0.007256800003233366
F6,target_only,100,StopMean,0,100,34,100,2000,60.085027983682984,83.37595301650893,0.042305709570442884,0.00279210000007879,0.007492100005038083
F6,pooled,100,RouteStopMean,0,100,34,340888,2000,60.114044708187805,83.43834626323938,0.040871818576565966,0.27018069999758154,0.010713299998315051
F6,target_only,100,RouteStopMean,0,100,34,100,2000,60.085027983682984,83.37595301650893,0.042305709570442884,0.0028946999955223873,0.01155359999393113
F6,pooled,100,Ridge,0,100,34,340888,2000,64.1468065259688,86.13851293699564,-0.022209743059777853,10.021518199995626,0.014014200001838617
F6,target_only,100,Ridge,0,100,34,100,2000,317.1929523443769,380.0010130095311,-18.893664287625327,0.009588000000803731,0.012918100008391775
F6,pooled_10k,100,XGBoost,0,100,34,10000,2000,73.24285274662823,93.58651365561244,-0.2066235963756664,0.7999530000088271,0.020336899993708357
F6,pooled_10k,100,LightGBM,0,100,34,10000,2000,73.16371177586457,94.13540431876866,-0.22081894628584098,3.322416200011503,0.025468499996350147
F6,pooled,500,XGBoost,0,500,174,341288,2000,71.715781938266,91.72432208328804,-0.1590823626661757,14.892780299996957,0.02210229999036528
F6,target_only,500,XGBoost,0,500,174,500,2000,64.89340733008832,87.90883547470948,-0.06465851062177208,1.672356499999296,0.029580800008261576
F6,pooled,500,LightGBM,0,500,174,341288,2000,73.53204442820918,94.32007096727075,-0.22561343723469585,6.568917700002203,0.02311609999742359
F6,target_only,500,LightGBM,0,500,174,500,2000,66.26460131981014,90.44559387418168,-0.12699011168579188,1.2619467000040459,0.03603380000276957
F6,pooled,500,GlobalMean,0,500,174,341288,2000,71.28836377487637,91.10838714546821,-0.1435679974707309,0.09424260001105722,0.0006895999977132306
F6,target_only,500,GlobalMean,0,500,174,500,2000,65.06633000000001,85.84530988935855,-0.015262678187223155,0.0010966000118060037,0.0003550000110408291
F6,pooled,500,StopMean,0,500,174,341288,2000,62.210469140359926,85.57778309187118,-0.008944645134326024,0.1059674999996787,0.0057339000049978495
F6,target_only,500,StopMean,0,500,174,500,2000,60.77164243349736,82.70480277868266,0.057661929982480986,0.002140600001439452,0.0041185000009136274
F6,pooled,500,RouteStopMean,0,500,174,341288,2000,60.7893991580022,82.74477547491396,0.056750812492079916,0.17122149998613168,0.006441799996537156
F6,target_only,500,RouteStopMean,0,500,174,500,2000,60.77164243349736,82.70480277868266,0.057661929982480986,0.006772800014005043,0.007599300006404519
F6,pooled,500,Ridge,0,500,174,341288,2000,65.70615629526786,85.50864395519096,-0.0073150309916898415,7.770495100005064,0.011115200002677739
F6,target_only,500,Ridge,0,500,174,500,2000,187.34685263160313,229.32527716528384,-6.245179176229129,0.01628799999889452,0.013666700004250742
F6,pooled_10k,500,XGBoost,0,500,174,10000,2000,70.09152320091427,91.0033170893342,-0.14093189614854218,0.7230572999978904,0.019801400005235337
F6,pooled_10k,500,LightGBM,0,500,174,10000,2000,71.75169319748291,92.91384405277667,-0.18934029320595203,0.7657272999931592,0.028817999991588295
F6,pooled,1000,XGBoost,0,1000,336,341788,2000,67.63776780324429,88.49046640291499,-0.07879330939562279,12.019223299997975,0.020510999995167367
F6,target_only,1000,XGBoost,0,1000,336,1000,2000,69.99145276051387,94.16883361865116,-0.22168617300806948,0.5133180999982869,0.023449199987226166
F6,pooled,1000,LightGBM,0,1000,336,341788,2000,67.20635718714247,87.91635682532521,-0.06484069964664974,6.114816999994218,0.02204030001303181
F6,target_only,1000,LightGBM,0,1000,336,1000,2000,69.93640107820326,93.1571034373342,-0.19557611145779275,1.7264186999964295,0.03500329999951646
F6,pooled,1000,GlobalMean,0,1000,336,341788,2000,71.27108075473684,91.09223947475247,-0.1431626709442082,0.07221290000597946,0.00044099999649915844
F6,target_only,1000,GlobalMean,0,1000,336,1000,2000,64.308158,85.39598577216613,-0.004662491574260574,0.0009244999964721501,0.00025800000003073364
F6,pooled,1000,StopMean,0,1000,336,341788,2000,61.78317618822843,85.26192092431559,-0.0015104886629149217,0.08530570000584703,0.0028668000013567507
F6,target_only,1000,StopMean,0,1000,336,1000,2000,59.488349022022,81.29728852416811,0.08946341964944304,0.0013450999977067113,0.0019522000075085089
F6,pooled,1000,RouteStopMean,0,1000,336,341788,2000,59.488349022022,81.29728852416811,0.08946341964944304,0.13918460000422783,0.005074700005934574
F6,target_only,1000,RouteStopMean,0,1000,336,1000,2000,59.488349022022,81.29728852416811,0.08946341964944304,0.003290799999376759,0.0055921000021044165
F6,pooled,1000,Ridge,0,1000,336,341788,2000,64.03167508848905,84.71214107252304,0.011363607511210794,8.022505600005388,0.025815200002398342
F6,target_only,1000,Ridge,0,1000,336,1000,2000,78.74826720839216,102.80367276435786,-0.4560038962891022,0.03819979999389034,0.028268999987631105
F6,pooled_10k,1000,XGBoost,0,1000,336,10000,2000,67.67625044887512,89.0816700265586,-0.0932562693341874,1.7661823999951594,0.01937270000053104
F6,pooled_10k,1000,LightGBM,0,1000,336,10000,2000,60.72130618281184,81.66137671270063,0.08128951956003216,1.6596128000091994,0.02410500000405591
F6,pooled,5000,XGBoost,0,5000,1686,345788,2000,60.868617765519765,81.55849030648442,0.08360305572906823,11.625948500004597,0.01931200000399258
F6,target_only,5000,XGBoost,0,5000,1686,5000,2000,61.50574397608638,83.7869574785574,0.03284046724752743,1.946532699992531,0.04510259999369737
F6,pooled,5000,LightGBM,0,5000,1686,345788,2000,60.41765331785995,80.8648826441229,0.09912362631426253,6.812648399994941,0.023725700011709705
F6,target_only,5000,LightGBM,0,5000,1686,5000,2000,59.56511876079475,82.62137699538205,0.0595620769793751,1.524248699992313,0.027794199995696545
F6,pooled,5000,GlobalMean,0,5000,1686,345788,2000,71.1030179821162,90.93625987687939,-0.13925108874387893,0.08806589999585412,0.0002865999995265156
F6,target_only,5000,GlobalMean,0,5000,1686,5000,2000,63.410761400000005,85.27854405323768,-0.0019010466213797983,0.0018726999987848103,0.0003163999936077744
F6,pooled,5000,StopMean,0,5000,1686,345788,2000,61.185172718309275,84.59107589501049,0.014187380174461195,0.11884409999765921,0.004465999998501502
F6,target_only,5000,StopMean,0,5000,1686,5000,2000,58.43182094713305,81.52263242723485,0.08440868190604589,0.001969599994481541,0.004325400004745461
F6,pooled,5000,RouteStopMean,0,5000,1686,345788,2000,58.43182094713305,81.52263242723485,0.08440868190604589,0.17207429998961743,0.007407299999613315
F6,target_only,5000,RouteStopMean,0,5000,1686,5000,2000,58.43182094713305,81.52263242723485,0.08440868190604589,0.003986099996836856,0.004771099993376993
F6,pooled,5000,Ridge,0,5000,1686,345788,2000,62.748980265398416,84.39898377260322,0.0186595263505972,6.626164300003438,0.018175199991674162
F6,target_only,5000,Ridge,0,5000,1686,5000,2000,59.10654549870254,80.93579721709493,0.09754288388598953,0.12836329999845475,0.027745100000174716
F6,pooled_10k,5000,XGBoost,0,5000,1686,10000,2000,63.851000554469415,85.88642866818152,-0.016235506162229907,2.099318399996264,0.019674399998621084
F6,pooled_10k,5000,LightGBM,0,5000,1686,10000,2000,58.10550348412158,79.8067265560992,0.12254617521912214,0.8779827999969712,0.023803099989891052
F7,pooled,0,XGBoost,0,0,0,363470,2000,84.7311625572294,120.64016117589357,0.06597760686401188,12.101561899995431,0.027014499995857477
F7,pooled,0,LightGBM,0,0,0,363470,2000,86.93059185979303,126.99289376332263,-0.03498084002733903,4.604548000002978,0.030114699999103323
F7,pooled,0,GlobalMean,0,0,0,363470,2000,90.42704662833246,126.61902941535918,-0.028895887549203136,0.07791009999345988,0.0003612000000430271
F7,pooled,0,StopMean,0,0,0,363470,2000,89.09562298402687,124.86949272724848,-0.0006591385081193835,0.09885239999857731,0.0032319999882020056
F7,pooled,0,RouteStopMean,0,0,0,363470,2000,89.09562298402687,124.86949272724848,-0.0006591385081193835,0.16790030000265688,0.0065636000072117895
F7,pooled,0,Ridge,0,0,0,363470,2000,87.99159179040595,124.92829709443603,-0.001601834462467533,6.1030822999891825,0.009251700001186691
F7,pooled_10k,0,XGBoost,0,0,0,10000,2000,86.88290315066651,125.41162161578976,-0.009366851401274578,0.826327400005539,0.027461799996672198
F7,pooled_10k,0,LightGBM,0,0,0,10000,2000,99.03859235694794,140.1853300270794,-0.261184451302239,0.9365866000007372,0.027437600001576357
F7,pooled,100,XGBoost,0,100,73,363570,2000,83.14827158960188,119.0674247599627,0.09017180272113179,8.322666400010348,0.024742599998717196
F7,target_only,100,XGBoost,0,100,73,100,2000,84.20050502923131,121.66918465842254,0.04997580377965927,0.539637900001253,0.02458179999666754
F7,pooled,100,LightGBM,0,100,73,363570,2000,85.48339934438968,122.17327469604048,0.04208736761473075,4.4754787999991095,0.02762520000396762
F7,target_only,100,LightGBM,0,100,73,100,2000,95.56794521662547,133.48711185386597,-0.14354206440546124,0.10478439999860711,0.022997300009592436
F7,pooled,100,GlobalMean,0,100,73,363570,2000,90.42474902219654,126.61776304970424,-0.028875306884435403,0.0863000999961514,0.0005430000019259751
F7,target_only,100,GlobalMean,0,100,73,100,2000,85.75684,124.98517720113853,-0.0025141047823025175,0.0004697999975178391,0.000225499999942258
F7,pooled,100,StopMean,0,100,73,363570,2000,86.42040926309646,124.44837203244495,0.006078899461975262,0.13220540000475012,0.00652059999993071
F7,target_only,100,StopMean,0,100,73,100,2000,86.87170490196078,124.44940345929679,0.0060624241775950605,0.001364099996862933,0.002660099999047816
F7,pooled,100,RouteStopMean,0,100,73,363570,2000,86.87170490196078,124.44940345929679,0.0060624241775950605,0.18258439999772236,0.009373799999593757
F7,target_only,100,RouteStopMean,0,100,73,100,2000,86.87170490196078,124.44940345929679,0.0060624241775950605,0.0030968999926699325,0.007479299994884059
F7,pooled,100,Ridge,0,100,73,363570,2000,88.23195478109224,125.85549734585481,-0.016524502599307045,7.165190700005041,0.011929200001759455
F7,target_only,100,Ridge,0,100,73,100,2000,134.6083544551913,174.90572109274146,-0.9632766512111357,0.009836099998210557,0.011539699989953078
F7,pooled_10k,100,XGBoost,0,100,73,10000,2000,86.21686716047674,122.64419927637206,0.03468846615978882,0.7035842000041157,0.018987099989317358
F7,pooled_10k,100,LightGBM,0,100,73,10000,2000,85.80159106362981,122.6263874961879,0.03496883275525331,0.6240216000005603,0.021722100005717948
F7,pooled,500,XGBoost,0,500,361,363970,2000,81.78374090900272,117.20936946155848,0.11834610539618795,7.3725240000057966,0.02087210000900086
F7,target_only,500,XGBoost,0,500,361,500,2000,89.29996030351519,123.3053377954433,0.024252997907701523,0.351156800010358,0.021335900004487485
F7,pooled,500,LightGBM,0,500,361,363970,2000,83.05967962679372,119.94399245267604,0.07672628349389155,4.1145471000054386,0.025788500002818182
F7,target_only,500,LightGBM,0,500,361,500,2000,89.53319161694719,123.20727091301708,0.025804437884107134,0.3595958000078099,0.025292100006481633
F7,pooled,500,GlobalMean,0,500,361,363970,2000,90.410772805451,126.61006926073419,-0.028750273732766285,0.09468140000535641,0.0005633999971905723
F7,target_only,500,GlobalMean,0,500,361,500,2000,86.23432000000001,126.08388652004663,-0.020217211287158365,0.0007621999975526705,0.00018699999782256782
F7,pooled,500,StopMean,0,500,361,363970,2000,86.9051588820198,124.79806329761574,0.0004853534972505402,0.10249440000916366,0.003231199996662326
F7,target_only,500,StopMean,0,500,361,500,2000,86.25318187863509,125.38637481377629,-0.008960497991777228,0.0015295000048354268,0.002077199998893775
F7,pooled,500,RouteStopMean,0,500,361,363970,2000,86.25318187863509,125.38637481377629,-0.008960497991777228,0.14773170000989921,0.006194800007506274
F7,target_only,500,RouteStopMean,0,500,361,500,2000,86.25318187863509,125.38637481377629,-0.008960497991777228,0.003076099994359538,0.005950499995378777
F7,pooled,500,Ridge,0,500,361,363970,2000,87.37100332959186,125.02742114311494,-0.003191902031846716,6.338521599987871,0.011723500007065013
F7,target_only,500,Ridge,0,500,361,500,2000,181.45871416363818,215.3488577752883,-1.9761760411777165,0.01977440000337083,0.0111445999937132
F7,pooled_10k,500,XGBoost,0,500,361,10000,2000,82.68206568975002,116.70686764374133,0.12588958077657564,0.797269899994717,0.018404699992970563
F7,pooled_10k,500,LightGBM,0,500,361,10000,2000,80.5494299623807,116.81313184008786,0.12429706217388281,0.5927890000020852,0.020464200002606958
F7,pooled,1000,XGBoost,0,1000,728,364470,2000,80.72969625995309,117.167498024671,0.1189759103629161,7.032584400003543,0.020115099992835894
F7,target_only,1000,XGBoost,0,1000,728,1000,2000,87.86944138260279,121.99425094641447,0.0448926205296849,0.41187820000050124,0.021873399993637577
F7,pooled,1000,LightGBM,0,1000,728,364470,2000,82.21997607326863,120.0246117154297,0.07548472633423875,3.9641162999905646,0.02141709999705199
F7,target_only,1000,LightGBM,0,1000,728,1000,2000,87.73747359087776,120.16713936728887,0.07328772313375764,0.5226302999944892,0.03526150000107009
F7,pooled,1000,GlobalMean,0,1000,728,364470,2000,90.3856022114303,126.59625399316874,-0.028525778398950763,0.0916906999918865,0.0008595999970566481
F7,target_only,1000,GlobalMean,0,1000,728,1000,2000,87.99219999999998,128.03360262056208,-0.05201371765714158,0.0010114999895449728,0.0002677000011317432
F7,pooled,1000,StopMean,0,1000,728,364470,2000,87.25165823865716,125.2869827449251,-0.007361553527825082,0.09434729999338742,0.0029792999994242564
F7,target_only,1000,StopMean,0,1000,728,1000,2000,85.0272837352685,124.16621626119806,0.010580728701433673,0.0029895000043325126,0.004084599990164861
F7,pooled,1000,RouteStopMean,0,1000,728,364470,2000,85.0272837352685,124.16621626119806,0.010580728701433673,0.18102259999432135,0.009223299988661893
F7,target_only,1000,RouteStopMean,0,1000,728,1000,2000,85.0272837352685,124.16621626119806,0.010580728701433673,0.006746400002157316,0.008374400000320747
F7,pooled,1000,Ridge,0,1000,728,364470,2000,87.39877855009772,125.44258677836638,-0.009865354918486391,5.8700085999880685,0.008059500003582798
F7,target_only,1000,Ridge,0,1000,728,1000,2000,84.07111881605297,117.93378438578705,0.10741426710268531,0.014871899998979643,0.007993100007297471
F7,pooled_10k,1000,XGBoost,0,1000,728,10000,2000,82.41340772851557,117.3100977560801,0.11683008916633997,0.7207486999977846,0.019169600011082366
F7,pooled_10k,1000,LightGBM,0,1000,728,10000,2000,78.93795609558538,115.65340607981858,0.14159877992041492,0.6090508999914164,0.020995300001231954
F7,pooled,5000,XGBoost,0,5000,3686,368470,2000,78.82018788655475,116.78920117296438,0.12465582336118397,7.172380300005898,0.020749299990711734
F7,target_only,5000,XGBoost,0,5000,3686,5000,2000,84.64648039573432,117.65840858230746,0.11157778219356129,0.5170816000027116,0.017172499996377155
F7,pooled,5000,LightGBM,0,5000,3686,368470,2000,78.77647005887012,116.49623311654412,0.1290419519967979,3.807092900009593,0.021462799995788373
F7,target_only,5000,LightGBM,0,5000,3686,5000,2000,81.4558594479008,115.41853009604122,0.1450818265332401,0.5107897999987472,0.02468580000277143
F7,pooled,5000,GlobalMean,0,5000,3686,368470,2000,90.2533270442641,126.52333668021721,-0.0273412925220744,0.06061870000849012,0.00040419999277219176
F7,target_only,5000,GlobalMean,0,5000,3686,5000,2000,86.71510959999999,126.65393253491973,-0.02946320552587567,0.0010244000004604459,0.00018300001102034003
F7,pooled,5000,StopMean,0,5000,3686,368470,2000,85.76895224730058,123.840231231858,0.015769136438843145,0.08438690000912175,0.0026815000019269064
F7,target_only,5000,StopMean,0,5000,3686,5000,2000,84.31947831912152,123.89585040090775,0.014884861673911787,0.0021344999986467883,0.003758100006962195
F7,pooled,5000,RouteStopMean,0,5000,3686,368470,2000,84.31947831912152,123.89585040090775,0.014884861673911787,0.15418519999366254,0.0061849000048823655
F7,target_only,5000,RouteStopMean,0,5000,3686,5000,2000,84.31947831912152,123.89585040090775,0.014884861673911787,0.005348000006051734,0.006729800006723963
F7,pooled,5000,Ridge,0,5000,3686,368470,2000,87.31586976819683,125.90548680279193,-0.017332184437763853,6.048474399998668,0.011759700006223284
F7,target_only,5000,Ridge,0,5000,3686,5000,2000,82.58287851075616,117.78339805353347,0.10968922351377985,0.05174059999990277,0.01236409999546595
F7,pooled_10k,5000,XGBoost,0,5000,3686,10000,2000,81.76774248476326,116.50281464098865,0.12894353862406183,0.653777599989553,0.022314799993182532
F7,pooled_10k,5000,LightGBM,0,5000,3686,10000,2000,79.66171733657458,115.84949675689934,0.1386854688563377,0.6624144999950659,0.021970000001601875
F8,pooled,0,XGBoost,0,0,0,337173,2000,90.28955145397782,121.16577595938492,-0.20595400425004629,6.593625399997109,0.026733699996839277
F8,pooled,0,LightGBM,0,0,0,337173,2000,100.07664488438458,136.40971674998653,-0.5284858489733979,3.5869863999978406,0.02811870000732597
F8,pooled,0,GlobalMean,0,0,0,337173,2000,87.13620046533974,114.31929976383792,-0.07351945470087862,0.07448509999085218,0.0003943999909097329
F8,pooled,0,StopMean,0,0,0,337173,2000,86.74996635272456,113.67338657573285,-0.06142278351553543,0.08144239999819547,0.0034490999969420955
F8,pooled,0,RouteStopMean,0,0,0,337173,2000,86.74996635272456,113.67338657573285,-0.06142278351553543,0.1549665000056848,0.006837299995822832
F8,pooled,0,Ridge,0,0,0,337173,2000,89.09238248815987,118.7490380065193,-0.15832654265636026,5.634967699996196,0.010279499998432584
F8,pooled_10k,0,XGBoost,0,0,0,10000,2000,96.25926305934041,129.99564114376898,-0.3881244015819758,0.7302110000018729,0.022386399999959394
F8,pooled_10k,0,LightGBM,0,0,0,10000,2000,99.97683850395657,136.24711171810767,-0.5248440064075628,0.586628599994583,0.026702599992859177
F8,pooled,100,XGBoost,0,100,28,337273,2000,83.62849982345104,109.52146497834654,0.014698153297467043,6.531505799997831,0.020853199996054173
F8,target_only,100,XGBoost,0,100,28,100,2000,85.50790896451473,112.1224985074795,-0.03265759094125076,0.34108080000441987,0.0231084999977611
F8,pooled,100,LightGBM,0,100,28,337273,2000,86.85756130076003,114.87658074206996,-0.0840112989525732,3.800718800004688,0.021897400001762435
F8,target_only,100,LightGBM,0,100,28,100,2000,91.02576898439429,119.41519790454176,-0.1713589858065152,0.08630799999809824,0.026944099998218007
F8,pooled,100,GlobalMean,0,100,28,337273,2000,87.13594272147489,114.31817566572391,-0.07349834303794944,0.09896370000205934,0.0007486000104108825
F8,target_only,100,GlobalMean,0,100,28,100,2000,86.78124,111.40881262270055,-0.019553216894873993,0.0010175000061281025,0.0002575999969849363
F8,pooled,100,StopMean,0,100,28,337273,2000,86.52348001361982,111.73595645506019,-0.025549695046287013,0.1460748999961652,0.00730719999410212
F8,target_only,100,StopMean,0,100,28,100,2000,87.75106403318904,113.76321711659435,-0.06310102782780058,0.0020755000005010515,0.004114299998036586
F8,pooled,100,RouteStopMean,0,100,28,337273,2000,87.68101034902716,113.67915720802486,-0.06153055255883544,0.23355659999651834,0.013669299994944595
F8,target_only,100,RouteStopMean,0,100,28,100,2000,87.75106403318904,113.76321711659435,-0.06310102782780058,0.008034300000872463,0.015130899992072955
F8,pooled,100,Ridge,0,100,28,337273,2000,87.22803610442634,114.98752714350134,-0.08610615985855685,5.835179100002279,0.008718900004168972
F8,target_only,100,Ridge,0,100,28,100,2000,231.61353380230062,286.585097593281,-5.746492078531163,0.00937770000018645,0.010387999995145947
F8,pooled_10k,100,XGBoost,0,100,28,10000,2000,83.96166741672903,110.51893102614673,-0.003330834625605572,0.7166339999967022,0.01850140000169631
F8,pooled_10k,100,LightGBM,0,100,28,10000,2000,81.16356516611145,110.63953715896932,-0.005521841668056249,0.7005784000066342,0.020808600005693734
F8,pooled,500,XGBoost,0,500,127,337673,2000,79.50054676562547,103.76030237256312,0.11563149962521946,6.6815499999938766,0.020952199993189424
F8,target_only,500,XGBoost,0,500,127,500,2000,74.18933608826623,100.40471903704206,0.17190710500238882,0.3739807999954792,0.021931900002527982
F8,pooled,500,LightGBM,0,500,127,337673,2000,81.20915761679689,105.5859203072195,0.08423755913219455,3.7410702999914065,0.02250859999912791
F8,target_only,500,LightGBM,0,500,127,500,2000,72.73976307959133,98.48094387361277,0.20333596286121614,0.3626969999895664,0.030656699993414804
F8,pooled,500,GlobalMean,0,500,127,337673,2000,87.1336413912276,114.30814554164762,-0.07330997667960881,0.05879579999600537,0.0004275999963283539
F8,target_only,500,GlobalMean,0,500,127,500,2000,87.575908,110.34093788798427,-0.00010166485541485137,0.0005073000065749511,0.00015500000154133886
F8,pooled,500,StopMean,0,500,127,337673,2000,87.61709844018166,111.24630060105314,-0.016580941994577714,0.0919694000040181,0.0031186999985948205
F8,target_only,500,StopMean,0,500,127,500,2000,86.28978036615672,109.41913053187999,0.016538581788616336,0.0025734999944688752,0.005443099988042377
F8,pooled,500,RouteStopMean,0,500,127,337673,2000,86.18071068199485,109.27903969092168,0.019055248472222286,0.18738359998678789,0.011774900005548261
F8,target_only,500,RouteStopMean,0,500,127,500,2000,86.28978036615672,109.41913053187999,0.016538581788616336,0.002387300002737902,0.005040499992901459
F8,pooled,500,Ridge,0,500,127,337673,2000,87.908156752162,110.68503922385052,-0.006349081723503902,5.624268699990353,0.009454500002902932
F8,target_only,500,Ridge,0,500,127,500,2000,1268.2916264623627,1402.822079918301,-160.65010604273235,0.008953600001404993,0.008039299995289184
F8,pooled_10k,500,XGBoost,0,500,127,10000,2000,74.09317323116585,101.032065576943,0.16152663314068239,0.6852778999891598,0.0223998000001302
F8,pooled_10k,500,LightGBM,0,500,127,10000,2000,71.74029010166561,99.02858501132049,0.19445101415031174,0.6434849999932339,0.026002700004028156
F8,pooled,1000,XGBoost,0,1000,258,338173,2000,77.43239843517541,100.81582825050982,0.1651119347270129,6.53202080000483,0.02034220000496134
F8,target_only,1000,XGBoost,0,1000,258,1000,2000,70.77675963370129,97.30205354416574,0.2222951269970168,0.4191136000008555,0.024416999993263744
F8,pooled,1000,LightGBM,0,1000,258,338173,2000,79.51423134822058,103.5319965838094,0.11951900407721272,3.602052599992021,0.02680809999583289
F8,target_only,1000,LightGBM,0,1000,258,1000,2000,68.77433500366486,95.55151696395247,0.25002639208454636,0.7188561999937519,0.035124899994116277
F8,pooled,1000,GlobalMean,0,1000,258,338173,2000,87.13177935405844,114.30003880961644,-0.07315774382188178,0.08517879999999423,0.0004692000075010583
F8,target_only,1000,GlobalMean,0,1000,258,1000,2000,87.2157,110.44849442160812,-0.0020523442121231916,0.0011700000031851232,0.00025009999808389693
F8,pooled,1000,StopMean,0,1000,258,338173,2000,87.25199169722467,111.23552438702455,-0.01638400307329313,0.08531249999941792,0.003238799996324815
F8,target_only,1000,StopMean,0,1000,258,1000,2000,85.66311606498442,109.22553592153824,0.020015567918461596,0.0012566000077640638,0.0029827999969711527
F8,pooled,1000,RouteStopMean,0,1000,258,338173,2000,85.66311606498442,109.22553592153824,0.020015567918461596,0.1506076999939978,0.00470780000614468
F8,target_only,1000,RouteStopMean,0,1000,258,1000,2000,85.66311606498442,109.22553592153824,0.020015567918461596,0.002225100004579872,0.007787099995766766
F8,pooled,1000,Ridge,0,1000,258,338173,2000,87.4314749046801,110.67491090765606,-0.006164916719245239,5.6755406000011135,0.008849300007568672
F8,target_only,1000,Ridge,0,1000,258,1000,2000,154.32866405887563,189.517943665862,-1.9503360031741694,0.012619899993296713,0.007407600001897663
F8,pooled_10k,1000,XGBoost,0,1000,258,10000,2000,70.93980743488669,95.92594311459801,0.24413721465293892,0.6679407000046922,0.018430600001011044
F8,pooled_10k,1000,LightGBM,0,1000,258,10000,2000,70.14377607193336,96.33964107232876,0.23760356659749604,0.6584540000039851,0.022717900006682612
F8,pooled,5000,XGBoost,0,5000,1271,342173,2000,71.10003697526454,94.89264338051355,0.26033358877803725,6.6217314999958035,0.018430900003295392
F8,target_only,5000,XGBoost,0,5000,1271,5000,2000,68.5694808246866,92.94967242763539,0.29031351431556685,0.5720546000084141,0.021178500013775192
F8,pooled,5000,LightGBM,0,5000,1271,342173,2000,70.22549204137785,94.94799831586714,0.2594703790040346,3.5781562000047415,0.019230600009905174
F8,target_only,5000,LightGBM,0,5000,1271,5000,2000,66.45469399151004,91.77523293675702,0.30813430244314255,0.6539195000077598,0.02545030000328552
F8,pooled,5000,GlobalMean,0,5000,1271,342173,2000,87.11675281071271,114.2349053956194,-0.0719350231181557,0.05870919999142643,0.00039820000529289246
F8,target_only,5000,GlobalMean,0,5000,1271,5000,2000,87.0360728,110.60614713405398,-0.0049150182126953545,0.0008467000006930903,0.00016820000018924475
F8,pooled,5000,StopMean,0,5000,1271,342173,2000,86.95254312677338,111.17744909461425,-0.0153229861047528,0.06934620000538416,0.0032704000041121617
F8,target_only,5000,StopMean,0,5000,1271,5000,2000,85.5500161414423,109.38568921189041,0.017139632483751832,0.0023547999880975112,0.0037368000048445538
F8,pooled,5000,RouteStopMean,0,5000,1271,342173,2000,85.5500161414423,109.38568921189041,0.017139632483751832,0.18561100000806618,0.00613020001037512
F8,target_only,5000,RouteStopMean,0,5000,1271,5000,2000,85.5500161414423,109.38568921189041,0.017139632483751832,0.0058532999973976985,0.007912400003988296
F8,pooled,5000,Ridge,0,5000,1271,342173,2000,86.33275554706674,110.14899331448655,0.0033747805103114814,5.817989600007422,0.008198299998184666
F8,target_only,5000,Ridge,0,5000,1271,5000,2000,93.6479640824865,124.05471148778315,-0.26414628906821,0.04721829999471083,0.012219299998832867
F8,pooled_10k,5000,XGBoost,0,5000,1271,10000,2000,66.44913246845454,91.72924028685625,0.30882757801205263,0.6936061000014888,0.0195125000027474
F8,pooled_10k,5000,LightGBM,0,5000,1271,10000,2000,66.233555115354,91.89510500533187,0.30632576363291775,0.5567536000016844,0.022366699995473027
F9,pooled,0,XGBoost,0,0,0,356347,2000,141.16036905615778,174.3350085977577,-1.5835950656161608,6.89351280000119,0.02754609999828972
F9,pooled,0,LightGBM,0,0,0,356347,2000,133.40603030916654,165.9919454856407,-1.3422285021301263,3.804569800005993,0.02659259999927599
F9,pooled,0,GlobalMean,0,0,0,356347,2000,80.28620483545532,108.50302264030329,-0.000780662106489638,0.056343899996136315,0.0003352999920025468
F9,pooled,0,StopMean,0,0,0,356347,2000,80.06607325579462,108.38936089205369,0.0013149643112133624,0.10203430001274683,0.0057059000100707635
F9,pooled,0,RouteStopMean,0,0,0,356347,2000,80.06607325579462,108.38936089205369,0.0013149643112133624,0.16436579999572132,0.0068808000069111586
F9,pooled,0,Ridge,0,0,0,356347,2000,77.60587573916942,108.40230241346741,0.0010764671884072596,5.78419120000035,0.012265999990631826
F9,pooled_10k,0,XGBoost,0,0,0,10000,2000,111.03093860933184,147.83705127048572,-0.8578977750341814,0.7396719000098528,0.020373100007418543
F9,pooled_10k,0,LightGBM,0,0,0,10000,2000,131.77189045458556,164.9604754305928,-1.313209837854489,0.6906703999993624,0.024631199994473718
F9,pooled,100,XGBoost,0,100,75,356447,2000,81.39670565618202,111.65144192064734,-0.059702365250776435,6.89723759998742,0.0186907000024803
F9,target_only,100,XGBoost,0,100,75,100,2000,81.77162534605735,112.39889395221604,-0.07393823996831528,0.2853988999995636,0.021990399996866472
F9,pooled,100,LightGBM,0,100,75,356447,2000,78.30485187854761,109.21272388485511,-0.013915376665605494,3.6683118999935687,0.024422300004516728
F9,target_only,100,LightGBM,0,100,75,100,2000,90.8739893384676,117.81989615694438,-0.18002851676670883,0.08322319999570027,0.024186900001950562
F9,pooled,100,GlobalMean,0,100,75,356447,2000,80.28508192943131,108.50274555405176,-0.000775550687444504,0.07695000000239816,0.0005150999932084233
F9,target_only,100,GlobalMean,0,100,75,100,2000,81.73884,113.19393499653593,-0.089184736932993,0.0005511000053957105,0.00019240000983700156
F9,pooled,100,StopMean,0,100,75,356447,2000,80.38068163100665,109.21661708333018,-0.013987665754560563,0.10518679999222513,0.0030523000023094937
F9,target_only,100,StopMean,0,100,75,100,2000,76.71966264157838,109.6274388146281,-0.02163030561325785,0.0011683999910019338,0.0021828000026289374
F9,pooled,100,RouteStopMean,0,100,75,356447,2000,76.71966264157838,109.6274388146281,-0.02163030561325785,0.1794921999971848,0.00630500000261236
F9,target_only,100,RouteStopMean,0,100,75,100,2000,76.71966264157838,109.6274388146281,-0.02163030561325785,0.002338999998755753,0.004252099999575876
F9,pooled,100,Ridge,0,100,75,356447,2000,74.94270907962958,108.06766449167701,0.007234302030887041,6.4412911999970675,0.011294900003122166
F9,target_only,100,Ridge,0,100,75,100,2000,207.46957643178587,255.03685832189132,-4.529185127507532,0.010164200008148327,0.014795099996263161
F9,pooled_10k,100,XGBoost,0,100,75,10000,2000,80.53987840634213,113.38375658344069,-0.09284083620172079,0.7173478000040632,0.01709110000228975
F9,pooled_10k,100,LightGBM,0,100,75,10000,2000,77.7689371438982,110.50081215711421,-0.037973274216512864,0.66865510000207,0.02171670000825543
F9,pooled,500,XGBoost,0,500,342,356847,2000,79.6975260908194,112.32216679822157,-0.07247252981262564,6.852146199991694,0.021483799995621666
F9,target_only,500,XGBoost,0,500,342,500,2000,83.83936678466947,115.90599660813731,-0.1420024681771619,0.34359450000920333,0.02741270000115037
F9,pooled,500,LightGBM,0,500,342,356847,2000,74.70913688841692,105.42727665965351,0.05515361058146495,3.6608625999942888,0.021445900012622587
F9,target_only,500,LightGBM,0,500,342,500,2000,84.47433429163824,115.59563569421405,-0.13589478766997987,0.3485840999928769,0.02344910000101663
F9,pooled,500,GlobalMean,0,500,342,356847,2000,80.28111687501928,108.50177441939755,-0.000757636238108983,0.06412900000577793,0.00035879999632015824
F9,target_only,500,GlobalMean,0,500,342,500,2000,81.15187399999999,112.29779316620606,-0.07200713254741431,0.002522700000554323,0.000870000003487803
F9,pooled,500,StopMean,0,500,342,356847,2000,80.50827866367283,110.36733611427726,-0.035467213180472745,0.09393660000932869,0.003603300006943755
F9,target_only,500,StopMean,0,500,342,500,2000,76.22604892307692,109.11110739199022,-0.01202946834231211,0.001131800003349781,0.001939699999638833
F9,pooled,500,RouteStopMean,0,500,342,356847,2000,76.22604892307692,109.11110739199022,-0.01202946834231211,0.16581069999665488,0.006598099993425421
F9,target_only,500,RouteStopMean,0,500,342,500,2000,76.22604892307692,109.11110739199022,-0.01202946834231211,0.0021572999976342544,0.007550599999376573
F9,pooled,500,Ridge,0,500,342,356847,2000,74.82723071255826,108.21519969209027,0.004521781746269604,5.941060299999663,0.01212620000296738
F9,target_only,500,Ridge,0,500,342,500,2000,436.4081909146269,498.9462640466828,-20.16229585429216,0.015727799996966496,0.008193200003006496
F9,pooled_10k,500,XGBoost,0,500,342,10000,2000,78.30147112433333,110.98641443582521,-0.04711618816923502,1.5514916000101948,0.021375299998908304
F9,pooled_10k,500,LightGBM,0,500,342,10000,2000,75.50496356310745,108.58196158939984,-0.002237383023025341,0.6018168000009609,0.02110710000852123
F9,pooled,1000,XGBoost,0,1000,680,357347,2000,77.42021301545576,109.48660880737691,-0.019007170538478668,7.047543099994073,0.018553200003225356
F9,target_only,1000,XGBoost,0,1000,680,1000,2000,84.62655604999513,115.20107317602147,-0.1281537234629473,0.3857259000069462,0.021351000003051013
F9,pooled,1000,LightGBM,0,1000,680,357347,2000,74.90354760219073,105.43726021761088,0.05497465546435476,3.7401416000066092,0.02009659999748692
F9,target_only,1000,LightGBM,0,1000,680,1000,2000,85.16398677869333,116.18930377276605,-0.14759204765485157,0.5472166999970796,0.03409089999331627
F9,pooled,1000,GlobalMean,0,1000,680,357347,2000,80.27808086957495,108.50103849559724,-0.0007440608128377324,0.06644359999336302,0.0009527000074740499
F9,target_only,1000,GlobalMean,0,1000,680,1000,2000,80.28739999999999,110.80262041125202,-0.04365100105995223,0.0013851999974576756,0.0003938000008929521
F9,pooled,1000,StopMean,0,1000,680,357347,2000,79.97582043559444,109.52358052013294,-0.019695488531258132,0.1040853999875253,0.0038920999941183254
F9,target_only,1000,StopMean,0,1000,680,1000,2000,75.28809129553521,107.16403910264033,0.02376723478706877,0.003535700001521036,0.008718199998838827
F9,pooled,1000,RouteStopMean,0,1000,680,357347,2000,75.28809129553521,107.16403910264033,0.02376723478706877,0.12242980000155512,0.00584050000179559
F9,target_only,1000,RouteStopMean,0,1000,680,1000,2000,75.28809129553521,107.16403910264033,0.02376723478706877,0.0024619000032544136,0.0045913999929325655
F9,pooled,1000,Ridge,0,1000,680,357347,2000,73.99631019532343,106.13992809302731,0.042336777081501964,5.930466799996793,0.020479600003454834
F9,target_only,1000,Ridge,0,1000,680,1000,2000,82.6709094820871,116.89062811716211,-0.16148770282699232,0.03133739999611862,0.029816499998560175
F9,pooled_10k,1000,XGBoost,0,1000,680,10000,2000,79.02593895316124,109.45476410321727,-0.018414490518163795,0.7052160999883199,0.018215299991425127
F9,pooled_10k,1000,LightGBM,0,1000,680,10000,2000,75.67428931195127,106.7549041111637,0.031207203345586354,0.5905275000113761,0.022513500007335097
F9,pooled,5000,XGBoost,0,5000,3402,361347,2000,76.02148059698939,106.07957036994596,0.043425640389624376,6.985478999995394,0.01883349999843631
F9,target_only,5000,XGBoost,0,5000,3402,5000,2000,81.37653183234482,111.21309874047724,-0.051397923176090154,0.5383149999979651,0.018551500004832633
F9,pooled,5000,LightGBM,0,5000,3402,361347,2000,74.23534615566803,103.69647472782354,0.08592208502095144,3.6951427000021795,0.022489000009954907
F9,target_only,5000,LightGBM,0,5000,3402,5000,2000,77.37320569509352,107.88434834006605,0.010599520154772613,0.7125250999961281,0.021012500001234002
F9,pooled,5000,GlobalMean,0,5000,3402,361347,2000,80.28736732420637,108.50331045195372,-0.0007859713911362309,0.07291669999540318,0.00036299999919719994
F9,target_only,5000,GlobalMean,0,5000,3402,5000,2000,80.37021720000001,108.52633206259208,-0.0012106985093411904,0.0012769000022672117,0.00026250000519212335
F9,pooled,5000,StopMean,0,5000,3402,361347,2000,79.70354466862956,106.69291025094795,0.03233205596310962,0.1119304000021657,0.004699100012658164
F9,target_only,5000,StopMean,0,5000,3402,5000,2000,76.32291537537996,104.44859424024244,0.07261422530906703,0.001987399999052286,0.0021508999925572425
F9,pooled,5000,RouteStopMean,0,5000,3402,361347,2000,76.32291537537996,104.44859424024244,0.07261422530906703,0.13574589999916498,0.005260400008410215
F9,target_only,5000,RouteStopMean,0,5000,3402,5000,2000,76.32291537537996,104.44859424024244,0.07261422530906703,0.003383499992196448,0.004326399997808039
F9,pooled,5000,Ridge,0,5000,3402,361347,2000,73.30446856136012,102.66146470854775,0.10407811821105861,5.689182799993432,0.012649700001929887
F9,target_only,5000,Ridge,0,5000,3402,5000,2000,83.86988354163265,118.16452897934079,-0.1869419728569881,0.05380049999803305,0.015420800002175383
F9,pooled_10k,5000,XGBoost,0,5000,3402,10000,2000,81.18648399697244,111.33607766653397,-0.05372447065056396,0.6447460999916075,0.019602700005634688
F9,pooled_10k,5000,LightGBM,0,5000,3402,10000,2000,75.38992739631264,104.97791488532552,0.06319086671064456,0.7688425000087591,0.022555200004717335
F1,pooled,0,TabPFN,0,0,0,10000,2000,145.37658081793785,166.7626835169214,-1.0499283335197163,5.482412700002897,2.6202921999938553
F1,pooled,100,TabPFN,0,100,100,10000,2000,75.09858871683478,97.11902407292699,0.3047363129103712,4.639678000006825,2.61818229999335
F1,target_only,100,TabPFN,0,100,100,100,2000,77.9924938262701,101.04658115311096,0.24736540649417849,2.619871899994905,1.6329207999951905
F1,pooled,500,TabPFN,0,500,500,10000,2000,70.53127816440538,92.69967556653972,0.3665718550690008,2.4363984999945387,2.621780300003593
F1,target_only,500,TabPFN,0,500,500,500,2000,72.04902193609625,95.12124561910494,0.33304584035297147,4.418089900005725,1.8205813999957172
F1,pooled,1000,TabPFN,0,1000,1000,10000,2000,67.28592090559751,90.54474045189488,0.3956794200267303,2.641056899999967,2.6129610000061803
F1,target_only,1000,TabPFN,0,1000,1000,1000,2000,68.22945714692771,91.71878145292108,0.3799060696694617,4.221506600006251,1.8185499999963213
F1,pooled,5000,TabPFN,0,5000,5000,10000,2000,65.91321954248846,87.71349710745302,0.4328815439201056,2.4447661000012886,2.6255219000013312
F1,target_only,5000,TabPFN,0,5000,5000,5000,2000,65.24591897070036,86.92679650522098,0.4430088716282561,4.235034699988319,2.023776400004863
F2,pooled,0,TabPFN,0,0,0,10000,2000,91.82064348328113,110.41129447698768,-0.18472888012690913,4.642863600005512,2.814056699993671
F2,pooled,100,TabPFN,0,100,80,10000,2000,74.52835685779434,96.88803262898031,0.08771140225041663,4.630058199996711,2.813460600009421
F2,target_only,100,TabPFN,0,100,80,100,2000,73.81379731480777,98.44882972709978,0.05808201784082079,2.4094380000024103,1.6130628999962937
F2,pooled,500,TabPFN,0,500,434,10000,2000,68.08848223523422,95.46455257701334,0.1143211884516181,4.433345099998405,2.6134087000100408
F2,target_only,500,TabPFN,0,500,434,500,2000,68.36467387350277,95.72499461732862,0.1094820593829755,4.415792300002067,2.021805399999721
F2,pooled,1000,TabPFN,0,1000,883,10000,2000,66.79663259167783,94.2877103399057,0.13602305971312856,2.426383400001214,2.6113211999909254
F2,target_only,1000,TabPFN,0,1000,883,1000,2000,66.91945428033173,95.13291123298173,0.12046414942207506,2.212926399995922,1.6111070999904769
F2,pooled,5000,TabPFN,0,5000,4444,10000,2000,65.0539039286354,92.89160356256862,0.16141924333678026,4.6252843999973265,2.811398299993016
F2,target_only,5000,TabPFN,0,5000,4444,5000,2000,65.19184145308752,93.04450553291598,0.15865632026703702,2.8215377000014996,2.0140864999993937
F3,pooled,0,TabPFN,0,0,0,10000,2000,83.74025833725184,121.34754922171783,-0.06989889990192366,3.4521783999953186,2.617720599999302
F3,pooled,100,TabPFN,0,100,20,10000,2000,81.67902308243514,117.6956950994872,-0.006472418857043305,2.4376863000070443,2.815027000004193
F3,target_only,100,TabPFN,0,100,20,100,2000,83.06454243659974,119.3832760783774,-0.03554197344304644,4.423066500006826,1.6211762999882922
F3,pooled,500,TabPFN,0,500,70,10000,2000,77.239792959176,108.68242855939677,0.14177849936150144,2.43209640000714,2.6164620999916224
F3,target_only,500,TabPFN,0,500,70,500,2000,83.15514288145303,111.42845862025291,0.09786201834956798,4.22267329999886,1.8149964999902295
F3,pooled,1000,TabPFN,0,1000,145,10000,2000,75.320703817375,106.9761469380585,0.16851460613385327,4.631128099994385,2.816709200007608
F3,target_only,1000,TabPFN,0,1000,145,1000,2000,79.95265853476525,109.84439181660919,0.12332928555938605,3.2183864999969956,2.4167412999959197
F3,pooled,5000,TabPFN,0,5000,693,10000,2000,72.92014908758551,103.97926397566589,0.21444933675338906,3.4278854000003776,3.023533599989605
F3,target_only,5000,TabPFN,0,5000,693,5000,2000,75.61148870298267,104.92456891458731,0.20010108272385896,2.6367342000012286,26.672542699991027
F4,pooled,0,TabPFN,0,0,0,10000,2000,95.29566855113208,130.0472578796672,-0.038492734213785296,5.431413500002236,11.039831200003391
F4,pooled,100,TabPFN,0,100,28,10000,2000,84.02138754960895,118.61120164094031,0.13612187847736135,4.232792900002096,3.2141818999953102
F4,target_only,100,TabPFN,0,100,28,100,2000,89.12665210811794,121.86101716671726,0.0881347587559177,2.616536300003645,2.020789500005776
F4,pooled,500,TabPFN,0,500,128,10000,2000,81.68330070052482,113.29499137155625,0.21182530904375907,3.431941700007883,3.022079800008214
F4,target_only,500,TabPFN,0,500,128,500,2000,82.42540289141238,112.66534609165979,0.22056164306881,2.620518499999889,1.8179785999964224
F4,pooled,1000,TabPFN,0,1000,257,10000,2000,77.73915511066467,111.32737550365339,0.23896434267583244,5.434011599994847,3.0186117999983253
F4,target_only,1000,TabPFN,0,1000,257,1000,2000,78.46698872610182,114.7915517257896,0.1908651312184303,2.6126938000088558,2.415814899999532
F4,pooled,5000,TabPFN,0,5000,1268,10000,2000,71.82010543983057,105.12801936044313,0.321362227784904,5.239101999992272,25.469327700004214
F4,target_only,5000,TabPFN,0,5000,1268,5000,2000,72.712749746372,105.2379044849351,0.3199427932734433,3.429358699999284,2.819235800008755
F5,pooled,0,TabPFN,0,0,0,10000,2000,79.97126360921561,110.46414080082566,-0.03918781599235399,3.850314499999513,3.219302500001504
F5,pooled,100,TabPFN,0,100,43,10000,2000,77.69578162582219,106.55531291519756,0.03305532536075595,6.251758600003086,3.020514000003459
F5,target_only,100,TabPFN,0,100,43,100,2000,85.18712603822351,112.34140704684617,-0.07480858411563318,2.6197053999931086,1.8161708999978146
F5,pooled,500,TabPFN,0,500,206,10000,2000,71.26410622583703,104.36718045633313,0.07236033557392618,4.261840100007248,4.022809199988842
F5,target_only,500,TabPFN,0,500,206,500,2000,72.46894712444022,104.24717338109478,0.07449241042164656,3.222691799994209,2.213942999995197
F5,pooled,1000,TabPFN,0,1000,414,10000,2000,64.36189699208829,90.1395619279654,0.3080379214990706,4.63807000000088,3.0199066000059247
F5,target_only,1000,TabPFN,0,1000,414,1000,2000,67.44381808504463,93.48607501376088,0.2557047263289104,2.624114099991857,2.0183438999956707
F5,pooled,5000,TabPFN,0,5000,2151,10000,2000,63.870383548300715,89.50711877623165,0.31771383773097006,5.254297599996789,3.020467099995585
F5,target_only,5000,TabPFN,0,5000,2151,5000,2000,64.69992855594307,90.7033412732495,0.2993550766718367,2.8307227000041166,2.221762100001797
F6,pooled,0,TabPFN,0,0,0,10000,2000,70.42690281109512,90.34483824130206,-0.12448059519346133,4.053559299994959,3.4241487000108464
F6,pooled,100,TabPFN,0,100,34,10000,2000,63.9187530194372,84.27406440234373,0.021562350688445697,3.6612756000104127,3.2225269000045955
F6,target_only,100,TabPFN,0,100,34,100,2000,60.111315980784596,81.71581350907942,0.08006425673301598,4.621317099998123,2.022022000004654
F6,pooled,500,TabPFN,0,500,174,10000,2000,60.619555955586954,81.65787631978381,0.08136827842657524,6.460397000002558,3.6206622000026982
F6,target_only,500,TabPFN,0,500,174,500,2000,58.40792159359902,81.53709467552824,0.08408379829726309,4.023815900000045,3.6188736999902176
F6,pooled,1000,TabPFN,0,1000,336,10000,2000,56.85342488588952,78.91427166204782,0.14206105758360588,4.850839400009136,3.216138100004173
F6,target_only,1000,TabPFN,0,1000,336,1000,2000,57.30315000460297,78.98491286002947,0.14052437836235687,2.816184900002554,2.0290986000036355
F6,pooled,5000,TabPFN,0,5000,1686,10000,2000,50.20349733585119,72.3306714988154,0.27924067472378855,3.4454716999898665,7.831217900005868
F6,target_only,5000,TabPFN,0,5000,1686,5000,2000,50.11621439678967,72.21536444731524,0.28153686212164164,3.825581199998851,3.4203471999935573
F7,pooled,0,TabPFN,0,0,0,10000,2000,84.96328232219862,121.692821173187,0.049606647987568975,4.043015199989895,3.018229799999972
F7,pooled,100,TabPFN,0,100,73,10000,2000,81.42724977570772,118.41444748521583,0.10012361103241463,6.454287500004284,3.2200082000053953
F7,target_only,100,TabPFN,0,100,73,100,2000,81.49517393437029,119.39675664610452,0.0851318042185426,2.6162995000049705,1.8186829999904148
F7,pooled,500,TabPFN,0,500,361,10000,2000,78.38124578749574,115.03901415753417,0.15069481849725486,6.238192100005108,3.020518899997114
F7,target_only,500,TabPFN,0,500,361,500,2000,79.7321761779748,116.2517069902309,0.1326944045674826,3.021175400004722,2.014327899989439
F7,pooled,1000,TabPFN,0,1000,728,10000,2000,77.67315068756044,114.91535956854956,0.15251966098287617,4.242040799988899,3.0190920000022743
F7,target_only,1000,TabPFN,0,1000,728,1000,2000,78.82585325804352,116.09427841776693,0.13504183213943177,5.019044799992116,2.0240727000054903
F7,pooled,5000,TabPFN,0,5000,3686,10000,2000,76.1165182000976,115.35556374416733,0.14601436994320482,3.4494689000130165,3.01714229999925
F7,target_only,5000,TabPFN,0,5000,3686,5000,2000,76.27621417017839,114.49449857649216,0.1587158437848778,4.047536899990519,2.219329400002607
F8,pooled,0,TabPFN,0,0,0,10000,2000,85.86718580606579,114.27340922007446,-0.07265775411914066,3.4456855000025826,3.215863999997964
F8,pooled,100,TabPFN,0,100,28,10000,2000,72.00588468383812,99.69076279431381,0.18364201291062088,3.4378963000053773,4.221030499989865
F8,target_only,100,TabPFN,0,100,28,100,2000,77.10697770017386,102.74426112051238,0.13286652005323207,2.6143446000060067,1.818801799992798
F8,pooled,500,TabPFN,0,500,127,10000,2000,66.79791595787555,91.97985213301895,0.3050457388440898,5.452176699996926,3.0173379000043496
F8,target_only,500,TabPFN,0,500,127,500,2000,73.81229265370965,96.69581283393678,0.23195592181235825,2.6174372999957995,1.8216821999958484
F8,pooled,1000,TabPFN,0,1000,258,10000,2000,64.66248369146325,90.46055786069722,0.32781420362063296,3.4694312999927206,3.015431500010891
F8,target_only,1000,TabPFN,0,1000,258,1000,2000,70.07297427144647,94.2581168682852,0.27019249355633146,5.026497200000449,2.024674200001755
F8,pooled,5000,TabPFN,0,5000,1271,10000,2000,64.57493578222953,89.34709063861722,0.3442600567099253,5.250848999989103,3.426527800009353
F8,target_only,5000,TabPFN,0,5000,1271,5000,2000,64.8734300821945,89.53541906238819,0.34149276744115087,2.819655300001614,2.219371500003035
F9,pooled,0,TabPFN,0,0,0,10000,2000,75.75862298938073,107.75758460091377,0.012923238510154311,5.453746900006081,2.817804599995725
F9,pooled,100,TabPFN,0,100,75,10000,2000,74.38781197896972,107.52635327701181,0.017154925399029408,3.431467000002158,3.4225425999902654
F9,target_only,100,TabPFN,0,100,75,100,2000,76.29954117515683,105.03033331887126,0.06225508269599367,4.828554799998528,1.8138544999965234
F9,pooled,500,TabPFN,0,500,342,10000,2000,73.34384044766426,105.48712171711436,0.054080635223065276,6.655001599996467,3.4137985999986995
F9,target_only,500,TabPFN,0,500,342,500,2000,75.46966770578548,108.04681499677271,0.007617333657631731,3.016938000000664,2.620553700005985
F9,pooled,1000,TabPFN,0,1000,680,10000,2000,73.07384056916088,103.92697830891879,0.08185381923772461,3.459960399995907,3.0146794999891426
F9,target_only,1000,TabPFN,0,1000,680,1000,2000,73.7844086477682,104.31642273102318,0.07495980831054094,5.226964600005886,2.221446700001252
F9,pooled,5000,TabPFN,0,5000,3402,10000,2000,72.46926171497256,102.57758540539741,0.10554154176645125,9.062847499997588,3.219562099999166
F9,target_only,5000,TabPFN,0,5000,3402,5000,2000,73.42996213519574,101.75880438296214,0.11976380509770213,5.034719199989922,2.8207013000064762
