experiment_name,feature_set,split_type,model,MAE,RMSE,R2
temporal_after,no_identity_temporal,route_grouped,LightGBM,91.71,123.799,-0.082
temporal_after,no_identity_temporal,route_grouped,TabPFN,92.023,124.566,-0.094
temporal_after,no_identity_temporal,route_grouped,XGBoost,94.041,125.762,-0.118
temporal_after,no_identity_temporal,trip_grouped,LightGBM,78.111,105.764,0.234
temporal_after,no_identity_temporal,trip_grouped,TabPFN,83.562,112.646,0.131
temporal_after,no_identity_temporal,trip_grouped,XGBoost,77.579,105.284,0.24
temporal_after,no_route_stop_temporal,route_grouped,LightGBM,91.296,123.35,-0.075
temporal_after,no_route_stop_temporal,route_grouped,TabPFN,92.144,125.192,-0.106
temporal_after,no_route_stop_temporal,route_grouped,XGBoost,93.218,124.941,-0.103
temporal_after,no_route_stop_temporal,trip_grouped,LightGBM,77.521,104.896,0.246
temporal_after,no_route_stop_temporal,trip_grouped,TabPFN,82.417,111.378,0.15
temporal_after,no_route_stop_temporal,trip_grouped,XGBoost,76.965,104.335,0.254
temporal_before,no_identity,route_grouped,LightGBM,92.341,124.335,-0.092
temporal_before,no_identity,route_grouped,TabPFN,91.587,124.18,-0.088
temporal_before,no_identity,route_grouped,XGBoost,94.951,126.776,-0.136
temporal_before,no_identity,trip_grouped,LightGBM,78.386,106.149,0.228
temporal_before,no_identity,trip_grouped,TabPFN,84.492,113.479,0.118
temporal_before,no_identity,trip_grouped,XGBoost,78.269,106.136,0.228
temporal_before,no_route_stop,route_grouped,LightGBM,90.967,122.999,-0.069
temporal_before,no_route_stop,route_grouped,TabPFN,91.878,124.783,-0.098
temporal_before,no_route_stop,route_grouped,XGBoost,93.58,125.485,-0.112
temporal_before,no_route_stop,trip_grouped,LightGBM,77.563,104.968,0.245
temporal_before,no_route_stop,trip_grouped,TabPFN,83.791,112.653,0.13
temporal_before,no_route_stop,trip_grouped,XGBoost,77.493,104.989,0.245
